-- Update pack 336 (HotFix for 0.9.1 (335)): Re-add deleted spawns in Stormwind
INSERT IGNORE INTO `creature` VALUES ('2473','68','0','0','0','-8857.0','937.947','102.143','0.53','430','0.0','0','-8857.0','937.947','102.143','0.53','6400','0','0','0');
INSERT IGNORE INTO `creature` VALUES ('19272','68','0','0','0','-8817.0','810.273','99.022','3.975','430','0.0','0','-8817.0','810.273','99.022','3.975','6400','0','0','0');
INSERT IGNORE INTO `creature` VALUES ('19273','68','0','0','0','-8803.0','862.081','98.887','2.161','430','0.0','0','-8803.0','862.081','98.887','2.161','6400','0','0','0');
INSERT IGNORE INTO `creature` VALUES ('26833','68','0','0','0','-8799.0','865.216','98.958','2.381','430','0.0','0','-8799.0','865.216','98.958','2.381','6400','0','0','0');
INSERT IGNORE INTO `creature` VALUES ('26834','297','0','0','0','-8834.0','983.482','98.47','5.327','310','0.0','0','-8834.0','983.482','98.47','5.327','640','0','0','0');
INSERT IGNORE INTO `creature` VALUES ('26835','331','0','0','0','-9012.0','867.595','29.621','0.776','490','0.0','0','-9012.0','867.595','29.621','0.776','4000','2620','0','0');
INSERT IGNORE INTO `creature` VALUES ('26836','338','0','0','0','-8856.0','822.813','98.4','0.73','540','0.0','0','-8856.0','822.813','98.4','0.73','3140','0','0','0');
INSERT IGNORE INTO `creature` VALUES ('26838','461','0','0','0','-8980.0','1041.09','101.487','4.485','490','0.0','0','-8980.0','1041.09','101.487','4.485','2900','2620','0','0');
INSERT IGNORE INTO `creature` VALUES ('37992','721','0','0','0','-8765.0','834.588','59.54','0.227','180','5.0','0','-8765.0','834.588','59.54','0.227','8','0','0','1');
INSERT IGNORE INTO `creature` VALUES ('38225','1141','0','0','0','-9081.0','822.877','108.419','0.547','490','0.0','0','-9081.0','822.877','108.419','0.547','3200','0','0','0');
INSERT IGNORE INTO `creature` VALUES ('43441','1304','0','0','0','-8887.0','985.503','124.541','4.677','310','0.0','0','-8887.0','985.503','124.541','4.677','1000','0','0','0');
INSERT IGNORE INTO `creature` VALUES ('48276','1305','0','0','0','-8954.0','993.725','122.209','0.698','310','0.0','0','-8954.0','993.725','122.209','0.698','381','0','0','0');
INSERT IGNORE INTO `creature` VALUES ('52920','1307','0','0','0','-8995.0','948.303','117.279','4.276','430','0.0','0','-8995.0','948.303','117.279','4.276','5900','0','0','0');
INSERT IGNORE INTO `creature` VALUES ('52921','1308','0','0','0','-8951.0','898.995','108.103','5.264','310','0.0','0','-8951.0','898.995','108.103','5.264','5600','0','0','0');
INSERT IGNORE INTO `creature` VALUES ('52922','1309','0','0','0','-8963.0','822.517','109.447','3.846','310','0.0','0','-8963.0','822.517','109.447','3.846','381','0','0','0');
INSERT IGNORE INTO `creature` VALUES ('52923','1310','0','0','0','-8965.0','808.006','109.446','1.278','310','0.0','0','-8965.0','808.006','109.446','1.278','381','0','0','0');
INSERT IGNORE INTO `creature` VALUES ('52924','1311','0','0','0','-9086.0','829.043','108.604','0.454','310','0.0','0','-9086.0','829.043','108.604','0.454','4000','0','0','0');
INSERT IGNORE INTO `creature` VALUES ('52925','1312','0','0','0','-8863.0','805.137','97.422','2.945','310','0.0','0','-8863.0','805.137','97.422','2.945','1605','0','0','0');
INSERT IGNORE INTO `creature` VALUES ('53686','1316','0','0','0','-8866.0','822.286','98.4','0.576','490','0.0','0','-8866.0','822.286','98.4','0.576','3900','0','0','0');
INSERT IGNORE INTO `creature` VALUES ('61960','1318','0','0','0','-8856.0','805.48','96.517','5.201','310','0.0','0','-8856.0','805.48','96.517','5.201','7900','0','0','0');
INSERT IGNORE INTO `creature` VALUES ('86152','1412','0','0','0','-9001.0','852.79','105.561','0.054','180','5.0','0','-9001.0','852.79','105.561','0.054','8','0','0','1');
INSERT IGNORE INTO `creature` VALUES ('86153','1412','0','0','0','-8972.0','858.785','106.162','1.383','180','5.0','0','-8972.0','858.785','106.162','1.383','8','0','0','1');
INSERT IGNORE INTO `creature` VALUES ('86558','1412','0','0','0','-8959.0','880.379','105.577','2.595','180','5.0','0','-8959.0','880.379','105.577','2.595','8','0','0','1');
INSERT IGNORE INTO `creature` VALUES ('86559','1412','0','0','0','-8942.0','956.923','116.963','2.472','180','5.0','0','-8942.0','956.923','116.963','2.472','8','0','0','1');
INSERT IGNORE INTO `creature` VALUES ('86560','1412','0','0','0','-8902.0','959.482','117.361','0.599','180','5.0','0','-8902.0','959.482','117.361','0.599','8','0','0','1');
INSERT IGNORE INTO `creature` VALUES ('86561','1412','0','0','0','-8895.0','888.598','103.007','5.454','180','5.0','0','-8895.0','888.598','103.007','5.454','8','0','0','1');
INSERT IGNORE INTO `creature` VALUES ('86596','1413','0','0','0','-8992.48','859.067','105.647','5.51011','250','0.0','0','-8992.48','859.067','105.647','5.51011','4300','0','0','2');
INSERT IGNORE INTO `creature` VALUES ('86597','1414','0','0','0','-8989.59','858.133','105.605','3.46022','250','0.0','0','-8989.59','858.133','105.605','3.46022','3600','0','0','2');
INSERT IGNORE INTO `creature` VALUES ('89294','1415','0','0','0','-8992.66','856.234','105.775','0.595873','250','0.0','0','-8992.66','856.234','105.775','0.595873','309','0','0','2');
INSERT IGNORE INTO `creature` VALUES ('89298','1429','0','0','0','-8962.0','809.712','109.446','2.087','180','0.0','0','-8962.0','809.712','109.446','2.087','43','0','0','0');
INSERT IGNORE INTO `creature` VALUES ('89299','1435','0','0','0','-8984.0','1025.49','101.587','0.279','490','0.0','0','-8984.0','1025.49','101.587','0.279','6900','0','0','0');
INSERT IGNORE INTO `creature` VALUES ('89325','1719','0','0','0','-8799.0','827.703','97.635','0.738','310','0.0','0','-8799.0','827.703','97.635','0.738','4000','0','0','0');
INSERT IGNORE INTO `creature` VALUES ('89330','1733','0','0','0','-8984.0','1024.26','101.587','0.384','180','0.0','0','-8984.0','1024.26','101.587','0.384','1200','0','0','0');
INSERT IGNORE INTO `creature` VALUES ('90438','1976','0','0','0','-8853.4','934.071','102.148','0.549144','350','0.0','0','-8853.4','934.071','102.148','0.0','5300','0','0','2');
INSERT IGNORE INTO `creature` VALUES ('90439','2330','0','0','0','-8777.0','899.137','100.613','4.865','250','0.0','0','-8777.0','899.137','100.613','4.865','4300','0','0','0');
INSERT IGNORE INTO `creature` VALUES ('90440','2331','0','0','0','-8776.0','898.521','100.697','2.378','180','0.0','0','-8776.0','898.521','100.697','2.378','810','0','0','2');
INSERT IGNORE INTO `creature` VALUES ('90441','2485','0','0','0','-8991.0','845.411','29.621','1.752','430','0.0','0','-8991.0','845.411','29.621','1.752','1700','0','0','0');
INSERT IGNORE INTO `creature` VALUES ('90442','2708','0','0','0','-9009.0','846.395','105.842','0.048','540','0.0','0','-9009.0','846.395','105.842','0.048','2200','0','0','0');
INSERT IGNORE INTO `creature` VALUES ('90443','3504','0','0','0','-8780.0','899.541','100.501','6.256','180','0.0','0','-8780.0','899.541','100.501','6.256','3000','0','0','2');
INSERT IGNORE INTO `creature` VALUES ('90444','3505','0','0','0','-8776.0','896.475','100.771','2.152','180','0.0','0','-8776.0','896.475','100.771','2.152','5800','0','0','2');
INSERT IGNORE INTO `creature` VALUES ('90445','3627','0','0','0','-9028.74','889.187','110.196','4.19386','180','0.0','0','-9028.74','889.189','110.196','4.19386','3100','0','0','2');
INSERT IGNORE INTO `creature` VALUES ('90446','3628','0','0','0','-9084.0','823.965','108.503','0.401','180','0.0','0','-9084.0','823.965','108.503','0.401','166','0','0','0');
INSERT IGNORE INTO `creature` VALUES ('90447','4075','0','0','0','-8989.0','1030.99','101.404','3.247','180','5.0','0','-8989.0','1030.99','101.404','3.247','8','0','0','1');
INSERT IGNORE INTO `creature` VALUES ('90448','4075','0','0','0','-8983.0','1023.42','101.404','3.979','180','5.0','0','-8983.0','1023.42','101.404','3.979','8','0','0','1');
INSERT IGNORE INTO `creature` VALUES ('90449','4075','0','0','0','-8969.0','1035.15','101.404','1.622','180','5.0','0','-8969.0','1035.15','101.404','1.622','8','0','0','1');
INSERT IGNORE INTO `creature` VALUES ('90450','4075','0','0','0','-8842.0','983.172','98.477','5.702','180','5.0','0','-8842.0','983.172','98.477','5.702','8','0','0','1');
INSERT IGNORE INTO `creature` VALUES ('90451','4075','0','0','0','-8668.0','940.834','102.469','0.746','180','5.0','0','-8668.0','940.834','102.469','0.746','8','0','0','1');
INSERT IGNORE INTO `creature` VALUES ('90452','4984','0','0','0','-8779.0','1093.35','92.611','4.817','190','0.0','0','-8779.0','1093.35','92.611','4.817','2600','0','0','0');
INSERT IGNORE INTO `creature` VALUES ('90453','4995','0','0','0','-8793.0','831.376','97.643','0.113','540','0.0','0','-8793.0','831.376','97.643','0.113','2000','0','0','0');
INSERT IGNORE INTO `creature` VALUES ('90454','4995','0','0','0','-8790.0','828.412','97.643','0.567','540','0.0','0','-8790.0','828.412','97.643','0.567','2000','0','0','0');
INSERT IGNORE INTO `creature` VALUES ('90455','4995','0','0','0','-8787.0','823.427','97.642','0.976','540','0.0','0','-8787.0','823.427','97.642','0.976','2000','0','0','0');
INSERT IGNORE INTO `creature` VALUES ('90456','4995','0','0','0','-8785.0','819.921','97.641','1.198','540','0.0','0','-8785.0','819.921','97.641','1.198','2000','0','0','0');
INSERT IGNORE INTO `creature` VALUES ('90457','4996','0','0','0','-8758.0','814.444','97.635','3.006','540','0.0','0','-8758.0','814.444','97.635','3.006','3375','0','0','0');
INSERT IGNORE INTO `creature` VALUES ('90458','5042','0','0','0','-8760.0','814.872','97.635','6.156','310','0.0','0','-8760.0','814.872','97.635','6.156','1100','0','0','0');
INSERT IGNORE INTO `creature` VALUES ('90459','5386','0','0','0','-8851.0','830.246','104.696','2.193','180','0.0','0','-8851.0','830.246','104.696','2.193','4800','0','0','0');
INSERT IGNORE INTO `creature` VALUES ('90460','5495','0','0','0','-8971.0','1029.9','101.487','2.967','540','0.0','0','-8971.0','1029.9','101.487','2.967','3100','1620','0','0');
INSERT IGNORE INTO `creature` VALUES ('90461','5496','0','0','0','-8989.0','1033.89','101.487','6.056','430','0.0','0','-8989.0','1033.89','101.487','6.056','3400','2103','0','0');
INSERT IGNORE INTO `creature` VALUES ('90462','5497','0','0','0','-8990.0','862.929','29.621','4.858','540','0.0','0','-8990.0','862.929','29.621','4.858','2800','1620','0','0');
INSERT IGNORE INTO `creature` VALUES ('90463','5498','0','0','0','-9007.0','885.181','29.621','3.938','430','0.0','0','-9007.0','885.181','29.621','3.938','4550','2103','0','0');
INSERT IGNORE INTO `creature` VALUES ('90464','5502','0','0','0','-8721.0','1175.5','98.342','3.626','310','0.0','0','-8721.0','1175.5','98.342','3.626','1800','0','0','0');
INSERT IGNORE INTO `creature` VALUES ('90465','5504','0','0','0','-8776.0','1100.09','92.626','4.904','490','0.0','0','-8776.0','1100.09','92.626','4.904','3700','2620','0','0');
INSERT IGNORE INTO `creature` VALUES ('90466','5505','0','0','0','-8742.0','1095.41','93.711','5.353','430','0.0','0','-8742.0','1095.41','93.711','5.353','2700','2103','0','0');
INSERT IGNORE INTO `creature` VALUES ('90467','5506','0','0','0','-8751.0','1124.52','92.634','1.536','540','0.0','0','-8751.0','1124.52','92.634','1.536','2900','1620','0','0');
INSERT IGNORE INTO `creature` VALUES ('90468','5520','0','0','0','-8975.0','1035.97','101.487','3.875','540','0.0','0','-8975.0','1035.97','101.487','3.875','1500','3191','0','0');
INSERT IGNORE INTO `creature` VALUES ('90469','5567','0','0','0','-8958.0','815.571','109.447','3.762','310','0.0','0','-8958.0','815.571','109.447','3.762','780','0','0','0');
INSERT IGNORE INTO `creature` VALUES ('90470','5694','0','0','0','-9011.0','876.722','148.617','5.538','500','0.0','0','-9011.0','876.722','148.617','5.538','3000','6015','0','0');
INSERT IGNORE INTO `creature` VALUES ('90471','6122','0','0','0','-8983.0','1041.52','101.487','4.66','430','0.0','0','-8983.0','1041.52','101.487','4.66','4550','4393','0','0');
INSERT IGNORE INTO `creature` VALUES ('90472','6237','0','0','0','-8792.0','829.447','97.642','0.311','540','0.0','0','-8792.0','829.447','97.642','0.311','4200','0','0','0');
INSERT IGNORE INTO `creature` VALUES ('90473','6237','0','0','0','-8787.0','836.693','98.196','0.305','540','0.0','0','-8787.0','836.693','98.196','0.305','4200','0','0','0');
INSERT IGNORE INTO `creature` VALUES ('90474','6237','0','0','0','-8786.0','822.293','97.725','1.03','540','0.0','0','-8786.0','822.293','97.725','1.03','4200','0','0','0');
INSERT IGNORE INTO `creature` VALUES ('90475','6237','0','0','0','-8782.0','823.13','100.482','1.047','540','0.0','0','-8782.0','823.13','100.482','1.047','4200','0','0','0');
INSERT IGNORE INTO `creature` VALUES ('90476','6267','0','0','0','-8972.0','1042.67','52.862','3.817','190','0.0','0','-8972.0','1042.67','52.862','3.817','240','1202','0','0');
INSERT IGNORE INTO `creature` VALUES ('90477','7295','0','0','0','-8756.84','972.561','98.7865','1.06461','310','0.0','1','-8756.84','972.561','98.7865','0.0','1500','0','0','2');
INSERT IGNORE INTO `creature` VALUES ('90478','9584','0','0','0','-8976.0','1021.77','101.487','1.292','540','0.0','0','-8976.0','1021.77','101.487','1.292','2300','0','0','0');
INSERT IGNORE INTO `creature` VALUES ('90479','9977','0','0','0','-8738.0','983.207','97.586','0.611','310','0.0','0','-8738.0','983.207','97.586','0.611','1400','0','0','0');
INSERT IGNORE INTO `creature` VALUES ('90480','11397','0','0','0','-8728.0','1102.96','92.603','3.875','310','0.0','0','-8728.0','1102.96','92.603','3.875','1400','2175','0','0');
INSERT IGNORE INTO `creature` VALUES ('90481','11827','0','0','0','-8744.17','1060.43','90.0196','3.14535','310','0.0','0','-8744.17','1060.43','90.0196','3.14535','1200','0','0','2');
INSERT IGNORE INTO `creature` VALUES ('90482','11828','0','0','0','-8745.13','1063.95','89.9337','3.15163','540','0.0','0','-8745.13','1063.95','89.9337','3.15163','4000','0','0','2');
INSERT IGNORE INTO `creature` VALUES ('90483','11916','0','0','0','-8721.0','1137.16','90.761','3.481','250','0.0','0','-8721.0','1137.16','90.761','3.481','1240','0','0','0');
INSERT IGNORE INTO `creature` VALUES ('90484','14438','0','0','0','-8752.66','984.545','97.9592','0.523878','350','0.0','1','-8752.66','984.545','97.9592','0.0','3300','0','0','2');
INSERT IGNORE INTO `creature_movement` VALUES ('86596','1','-8953.9','862.547','104.957','0',NULL,NULL,NULL,NULL,NULL,NULL,'0','0','0','6.10494','0','0');
INSERT IGNORE INTO `creature_movement` VALUES ('86596','2','-8932.12','857.927','100.803','750',NULL,NULL,NULL,NULL,NULL,NULL,'0','0','0','6.06331','0','0');
INSERT IGNORE INTO `creature_movement` VALUES ('86596','3','-8909.04','850.187','96.281','0',NULL,NULL,NULL,NULL,NULL,NULL,'0','0','0','5.95964','0','0');
INSERT IGNORE INTO `creature_movement` VALUES ('86596','4','-8896.57','865.822','96.8556','0',NULL,NULL,NULL,NULL,NULL,NULL,'0','0','0','0.87497','0','0');
INSERT IGNORE INTO `creature_movement` VALUES ('86596','5','-8890.18','881.888','101.184','0',NULL,NULL,NULL,NULL,NULL,NULL,'0','0','0','1.19227','0','0');
INSERT IGNORE INTO `creature_movement` VALUES ('86596','6','-8888.17','893.701','104.619','0','Putting in twelve centers of focus might allow the magical energies to form more solidly, adding the necessary stability.',NULL,NULL,NULL,NULL,NULL,'1','0','0','1.40276','0','0');
INSERT IGNORE INTO `creature_movement` VALUES ('86596','7','-8894.17','909.79','110.395','0',NULL,NULL,NULL,NULL,NULL,NULL,'0','0','0','1.9274','0','0');
INSERT IGNORE INTO `creature_movement` VALUES ('86596','8','-8870.31','923.272','105.91','0',NULL,NULL,NULL,NULL,NULL,NULL,'0','0','0','0.503477','0','0');
INSERT IGNORE INTO `creature_movement` VALUES ('86596','9','-8855.94','931.187','101.845','0',NULL,NULL,NULL,NULL,NULL,NULL,'0','0','0','0.503477','0','0');
INSERT IGNORE INTO `creature_movement` VALUES ('86596','10','-8843.91','933.491','104.097','500',NULL,NULL,NULL,NULL,NULL,NULL,'0','0','0','0.189317','0','0');
INSERT IGNORE INTO `creature_movement` VALUES ('86596','11','-8816.65','953.442','100.743','0','At least we would not be around to have to clean it up.',NULL,NULL,NULL,NULL,NULL,'1','0','0','0.530966','0','0');
INSERT IGNORE INTO `creature_movement` VALUES ('86596','12','-8767.52','895.508','101.256','0',NULL,NULL,NULL,NULL,NULL,NULL,'0','0','0','5.41064','0','0');
INSERT IGNORE INTO `creature_movement` VALUES ('86596','13','-8753.45','892.0','101.896','0',NULL,NULL,NULL,NULL,NULL,NULL,'0','0','0','6.03896','0','0');
INSERT IGNORE INTO `creature_movement` VALUES ('86596','14','-8740.3','893.588','101.375','0',NULL,NULL,NULL,NULL,NULL,NULL,'0','0','0','0.120202','0','0');
INSERT IGNORE INTO `creature_movement` VALUES ('86596','15','-8726.64','877.216','102.712','0',NULL,NULL,NULL,NULL,NULL,NULL,'0','0','0','5.4075','0','0');
INSERT IGNORE INTO `creature_movement` VALUES ('86596','16','-8711.78','859.391','96.9622','1250',NULL,NULL,NULL,NULL,NULL,NULL,'0','0','0','5.4075','0','0');
INSERT IGNORE INTO `creature_movement` VALUES ('86596','17','-8714.17','851.672','96.7801','1250',NULL,NULL,NULL,NULL,NULL,NULL,'0','0','0','4.41162','0','0');
INSERT IGNORE INTO `creature_movement` VALUES ('86596','18','-8724.59','835.118','96.1396','0',NULL,NULL,NULL,NULL,NULL,NULL,'0','0','0','4.15087','0','0');
INSERT IGNORE INTO `creature_movement` VALUES ('86596','19','-8727.53','820.133','97.0495','0',NULL,NULL,NULL,NULL,NULL,NULL,'0','0','0','4.51843','0','0');
INSERT IGNORE INTO `creature_movement` VALUES ('86596','20','-8723.35','807.987','97.2959','0',NULL,NULL,NULL,NULL,NULL,NULL,'0','0','0','5.02973','0','0');
INSERT IGNORE INTO `creature_movement` VALUES ('86596','21','-8717.8','795.688','96.9682','0',NULL,NULL,NULL,NULL,NULL,NULL,'0','0','0','5.13654','0','0');
INSERT IGNORE INTO `creature_movement` VALUES ('86596','22','-8720.86','784.235','97.7513','0',NULL,NULL,NULL,NULL,NULL,NULL,'0','0','0','4.45167','0','0');
INSERT IGNORE INTO `creature_movement` VALUES ('86596','23','-8730.39','769.812','98.1267','750',NULL,NULL,NULL,NULL,NULL,NULL,'0','0','0','4.13751','0','0');
INSERT IGNORE INTO `creature_movement` VALUES ('86596','24','-8729.96','761.621','98.2494','0',NULL,NULL,NULL,NULL,NULL,NULL,'0','0','0','4.76583','0','0');
INSERT IGNORE INTO `creature_movement` VALUES ('86596','25','-8726.06','753.976','98.2668','0','Only if we did not follow the proper initialization procedures.',NULL,NULL,NULL,NULL,NULL,'1','0','0','5.18366','0','0');
INSERT IGNORE INTO `creature_movement` VALUES ('86596','26','-8714.42','737.952','97.8087','0',NULL,NULL,NULL,NULL,NULL,NULL,'0','0','0','5.34074','0','0');
INSERT IGNORE INTO `creature_movement` VALUES ('86596','27','-8728.74','725.086','101.267','0',NULL,NULL,NULL,NULL,NULL,NULL,'0','0','0','3.87362','0','0');
INSERT IGNORE INTO `creature_movement` VALUES ('86596','28','-8738.14','715.533','100.152','500',NULL,NULL,NULL,NULL,NULL,NULL,'0','0','0','4.05897','0','0');
INSERT IGNORE INTO `creature_movement` VALUES ('86596','29','-8742.74','709.527','98.3091','0',NULL,NULL,NULL,NULL,NULL,NULL,'0','0','0','4.05897','0','0');
INSERT IGNORE INTO `creature_movement` VALUES ('86596','30','-8737.21','700.627','98.6984','0','The resultant energies could collapse though, and that could cause an energy flux that would give you a migraine for weeks.',NULL,NULL,NULL,NULL,NULL,'1','0','0','5.26849','0','0');
INSERT IGNORE INTO `creature_movement` VALUES ('86596','31','-8776.23','670.457','103.093','0',NULL,NULL,NULL,NULL,NULL,NULL,'0','0','0','3.83749','0','0');
INSERT IGNORE INTO `creature_movement` VALUES ('86596','32','-8760.45','646.994','103.883','0',NULL,NULL,NULL,NULL,NULL,NULL,'0','0','0','5.30462','0','0');
INSERT IGNORE INTO `creature_movement` VALUES ('86596','33','-8759.11','627.771','101.892','0',NULL,NULL,NULL,NULL,NULL,NULL,'0','0','0','4.78861','0','0');
INSERT IGNORE INTO `creature_movement` VALUES ('86596','34','-8763.21','616.245','98.6119','0',NULL,NULL,NULL,NULL,NULL,NULL,'0','0','0','4.37078','0','0');
INSERT IGNORE INTO `creature_movement` VALUES ('86596','35','-8779.99','602.334','97.3893','0',NULL,NULL,NULL,NULL,NULL,NULL,'0','0','0','3.87048','0','0');
INSERT IGNORE INTO `creature_movement` VALUES ('86596','36','-8793.37','590.39','97.5755','500',NULL,NULL,NULL,NULL,NULL,NULL,'0','0','0','3.87048','0','0');
INSERT IGNORE INTO `creature_movement` VALUES ('86596','37','-8815.81','615.518','94.9978','0',NULL,NULL,NULL,NULL,NULL,NULL,'0','0','0','2.29968','0','0');
INSERT IGNORE INTO `creature_movement` VALUES ('86596','38','-8849.81','659.507','97.1312','0',NULL,NULL,NULL,NULL,NULL,NULL,'0','0','0','2.21721','0','0');
INSERT IGNORE INTO `creature_movement` VALUES ('86596','39','-8834.43','672.377','98.2964','0',NULL,NULL,NULL,NULL,NULL,NULL,'0','0','0','0.696682','0','0');
INSERT IGNORE INTO `creature_movement` VALUES ('86596','40','-8825.5','677.093','97.6638','0',NULL,NULL,NULL,NULL,NULL,NULL,'0','0','0','0.486195','0','0');
INSERT IGNORE INTO `creature_movement` VALUES ('86596','41','-8838.31','708.928','97.6485','500',NULL,NULL,NULL,NULL,NULL,NULL,'0','0','0','1.95332','0','0');
INSERT IGNORE INTO `creature_movement` VALUES ('86596','42','-8851.32','736.847','100.505','0',NULL,NULL,NULL,NULL,NULL,NULL,'0','0','0','2.00673','0','0');
INSERT IGNORE INTO `creature_movement` VALUES ('86596','43','-8870.66','759.965','96.6871','0',NULL,NULL,NULL,NULL,NULL,NULL,'0','0','0','2.26748','0','0');
INSERT IGNORE INTO `creature_movement` VALUES ('86596','44','-8880.96','756.982','96.1098','0',NULL,NULL,NULL,NULL,NULL,NULL,'0','0','0','3.42359','0','0');
INSERT IGNORE INTO `creature_movement` VALUES ('86596','45','-8909.67','790.199','87.4738','0',NULL,NULL,NULL,NULL,NULL,NULL,'0','0','0','2.27062','0','0');
INSERT IGNORE INTO `creature_movement` VALUES ('86596','46','-8918.12','784.468','87.4199','0','Only if we did not follow the proper initialization procedures.',NULL,NULL,NULL,NULL,NULL,'1','0','0','3.73775','0','0');
INSERT IGNORE INTO `creature_movement` VALUES ('86596','47','-8930.34','773.156','87.9818','0',NULL,NULL,NULL,NULL,NULL,NULL,'0','0','0','3.89482','0','0');
INSERT IGNORE INTO `creature_movement` VALUES ('86596','48','-8961.17','770.851','93.8524','0',NULL,NULL,NULL,NULL,NULL,NULL,'0','0','0','3.21624','0','0');
INSERT IGNORE INTO `creature_movement` VALUES ('86596','49','-8980.98','783.189','98.0365','0',NULL,NULL,NULL,NULL,NULL,NULL,'0','0','0','2.58478','0','0');
INSERT IGNORE INTO `creature_movement` VALUES ('86596','50','-8990.43','800.731','102.354','0',NULL,NULL,NULL,NULL,NULL,NULL,'0','0','0','2.08448','0','0');
INSERT IGNORE INTO `creature_movement` VALUES ('86596','51','-8994.98','823.243','104.806','0',NULL,NULL,NULL,NULL,NULL,NULL,'0','0','0','1.77032','0','0');
INSERT IGNORE INTO `creature_movement` VALUES ('86596','52','-8990.49','849.74','105.812','0',NULL,NULL,NULL,NULL,NULL,NULL,'0','0','0','1.40276','0','0');
INSERT IGNORE INTO `creature_movement` VALUES ('86596','53','-8992.48','859.067','105.647','12002',NULL,NULL,NULL,NULL,NULL,NULL,'0','0','0','5.51011','0','0');
INSERT IGNORE INTO `creature_movement` VALUES ('86596','54','-8992.48','859.067','105.647','12000',NULL,NULL,NULL,NULL,NULL,NULL,'0','0','0','5.51011','0','0');
INSERT IGNORE INTO `creature_movement` VALUES ('86596','55','-8992.48','859.067','105.647','12000','Only if we did not follow the proper initialization procedures.',NULL,NULL,NULL,NULL,NULL,'1','0','0','5.51011','0','0');
INSERT IGNORE INTO `creature_movement` VALUES ('86596','56','-8992.48','859.067','105.647','12000',NULL,NULL,NULL,NULL,NULL,NULL,'0','0','0','5.51011','0','0');
INSERT IGNORE INTO `creature_movement` VALUES ('86596','57','-8992.48','859.067','105.647','12000',NULL,NULL,NULL,NULL,NULL,NULL,'0','0','0','5.51011','0','0');
INSERT IGNORE INTO `creature_movement` VALUES ('86596','58','-8992.48','859.067','105.647','12000',NULL,NULL,NULL,NULL,NULL,NULL,'0','0','0','5.51011','0','0');
INSERT IGNORE INTO `creature_movement` VALUES ('86596','59','-8992.48','859.067','105.647','12000','At least we would not be around to have to clean it up.',NULL,NULL,NULL,NULL,NULL,'1','0','0','5.51011','0','0');
INSERT IGNORE INTO `creature_movement` VALUES ('86596','60','-8992.48','859.067','105.647','12000',NULL,NULL,NULL,NULL,NULL,NULL,'0','0','0','5.51011','0','0');
INSERT IGNORE INTO `creature_movement` VALUES ('86596','61','-8992.48','859.067','105.647','12000',NULL,NULL,NULL,NULL,NULL,NULL,'0','0','0','5.51011','0','0');
INSERT IGNORE INTO `creature_movement` VALUES ('86596','62','-8992.48','859.067','105.647','12000',NULL,NULL,NULL,NULL,NULL,NULL,'0','0','0','5.51011','0','0');
INSERT IGNORE INTO `creature_movement` VALUES ('86596','63','-8992.48','859.067','105.647','12000',NULL,NULL,NULL,NULL,NULL,NULL,'0','0','0','5.51011','0','0');
INSERT IGNORE INTO `creature_movement` VALUES ('86597','1','-8975.26','860.002','106.358','0',NULL,NULL,NULL,NULL,NULL,NULL,'0','0','0','6.15672','0','0');
INSERT IGNORE INTO `creature_movement` VALUES ('86597','2','-8950.29','862.042','104.576','0',NULL,NULL,NULL,NULL,NULL,NULL,'0','0','0','6.14643','0','0');
INSERT IGNORE INTO `creature_movement` VALUES ('86597','3','-8929.01','858.659','100.036','0',"But isn't that what caused the initial problems with Adept Syleria's magical formula?",NULL,NULL,NULL,NULL,NULL,'1','0','0','6.06318','0','0');
INSERT IGNORE INTO `creature_movement` VALUES ('86597','4','-8909.89','848.916','96.2762','0',NULL,NULL,NULL,NULL,NULL,NULL,'0','0','0','5.79927','0','0');
INSERT IGNORE INTO `creature_movement` VALUES ('86597','5','-8896.82','860.433','96.1521','0',NULL,NULL,NULL,NULL,NULL,NULL,'0','0','0','0.722459','0','0');
INSERT IGNORE INTO `creature_movement` VALUES ('86597','6','-8887.36','891.921','103.869','0',NULL,NULL,NULL,NULL,NULL,NULL,'0','0','0','1.29816','0','0');
INSERT IGNORE INTO `creature_movement` VALUES ('86597','7','-8894.03','910.64','110.661','0',NULL,NULL,NULL,NULL,NULL,NULL,'0','0','0','2.04507','0','0');
INSERT IGNORE INTO `creature_movement` VALUES ('86597','8','-8857.25','931.576','101.944','0','I suppose that could work, if we had twenty people to cast it with.',NULL,NULL,NULL,NULL,NULL,'1','0','0','0.431076','0','0');
INSERT IGNORE INTO `creature_movement` VALUES ('86597','9','-8836.72','936.324','105.443','0','But what if the resulting frequency shift were to send magical feedback up the flows?',NULL,NULL,NULL,NULL,NULL,'1','0','0','0.841054','0','0');
INSERT IGNORE INTO `creature_movement` VALUES ('86597','10','-8815.36','955.115','100.693','0',NULL,NULL,NULL,NULL,NULL,NULL,'0','0','0','5.31074','0','0');
INSERT IGNORE INTO `creature_movement` VALUES ('86597','11','-8783.91','916.226','100.077','0',NULL,NULL,NULL,NULL,NULL,NULL,'0','0','0','5.47881','0','0');
INSERT IGNORE INTO `creature_movement` VALUES ('86597','12','-8764.72','892.242','101.494','0',NULL,NULL,NULL,NULL,NULL,NULL,'0','0','0','2.21025','0','0');
INSERT IGNORE INTO `creature_movement` VALUES ('86597','13','-8751.26','890.919','101.865','0',NULL,NULL,NULL,NULL,NULL,NULL,'0','0','0','6.27902','0','0');
INSERT IGNORE INTO `creature_movement` VALUES ('86597','15','-8738.58','891.663','101.325','0',NULL,NULL,NULL,NULL,NULL,NULL,'0','0','0','0.379897','0','0');
INSERT IGNORE INTO `creature_movement` VALUES ('86597','16','-8726.12','879.505','102.654','0',NULL,NULL,NULL,NULL,NULL,NULL,'0','0','0','5.51012','0','0');
INSERT IGNORE INTO `creature_movement` VALUES ('86597','17','-8709.26','859.211','97.0057','0',NULL,NULL,NULL,NULL,NULL,NULL,'0','0','0','5.43001','0','0');
INSERT IGNORE INTO `creature_movement` VALUES ('86597','18','-8721.19','843.386','96.1527','0',NULL,NULL,NULL,NULL,NULL,NULL,'0','0','0','4.06656','0','0');
INSERT IGNORE INTO `creature_movement` VALUES ('86597','19','-8726.33','827.728','96.5466','0','When the positively aligned energies collide with the negatively charged energies, they don`t negate one another.',NULL,NULL,NULL,NULL,NULL,'1','0','0','4.49774','0','0');
INSERT IGNORE INTO `creature_movement` VALUES ('86597','20','-8727.12','814.451','96.9661','0',NULL,NULL,NULL,NULL,NULL,NULL,'0','0','0','4.82525','0','0');
INSERT IGNORE INTO `creature_movement` VALUES ('86597','21','-8717.33','798.075','97.1475','0',NULL,NULL,NULL,NULL,NULL,NULL,'0','0','0','5.16611','0','0');
INSERT IGNORE INTO `creature_movement` VALUES ('86597','22','-8719.76','784.786','97.7426','0',NULL,NULL,NULL,NULL,NULL,NULL,'0','0','0','4.53151','0','0');
INSERT IGNORE INTO `creature_movement` VALUES ('86597','23','-8731.53','767.788','98.1284','0',NULL,NULL,NULL,NULL,NULL,NULL,'0','0','0','4.09876','0','0');
INSERT IGNORE INTO `creature_movement` VALUES ('86597','24','-8729.47','758.94','98.2792','0',NULL,NULL,NULL,NULL,NULL,NULL,'0','0','0','4.9407','0','0');
INSERT IGNORE INTO `creature_movement` VALUES ('86597','25','-8714.15','738.443','97.8075','0',NULL,NULL,NULL,NULL,NULL,NULL,'0','0','0','5.36953','0','0');
INSERT IGNORE INTO `creature_movement` VALUES ('86597','26','-8729.47','723.547','101.508','0',NULL,NULL,NULL,NULL,NULL,NULL,'0','0','0','3.84586','0','0');
INSERT IGNORE INTO `creature_movement` VALUES ('86597','27','-8744.08','711.138','98.1875','0',NULL,NULL,NULL,NULL,NULL,NULL,'0','0','0','3.84586','0','0');
INSERT IGNORE INTO `creature_movement` VALUES ('86597','28','-8738.08','699.93','98.7262','0',NULL,NULL,NULL,NULL,NULL,NULL,'0','0','0','5.06794','0','0');
INSERT IGNORE INTO `creature_movement` VALUES ('86597','29','-8753.48','687.732','100.555','0','That will unbalance the magical focus, though, and cause a reverse vibration in the ether.',NULL,NULL,NULL,NULL,NULL,'1','0','0','3.79795','0','0');
INSERT IGNORE INTO `creature_movement` VALUES ('86597','30','-8776.84','669.661','103.093','0',NULL,NULL,NULL,NULL,NULL,NULL,'0','0','0','3.95817','0','0');
INSERT IGNORE INTO `creature_movement` VALUES ('86597','31','-8763.81','652.955','103.615','0',NULL,NULL,NULL,NULL,NULL,NULL,'0','0','0','5.37503','0','0');
INSERT IGNORE INTO `creature_movement` VALUES ('86597','32','-8759.46','635.317','102.889','0','But wouldn`t that mean crossing the streams? Isn`t that really bad?',NULL,NULL,NULL,NULL,NULL,'1','0','0','4.95405','0','0');
INSERT IGNORE INTO `creature_movement` VALUES ('86597','33','-8760.36','622.86','100.564','0',NULL,NULL,NULL,NULL,NULL,NULL,'0','0','0','4.63989','0','0');
INSERT IGNORE INTO `creature_movement` VALUES ('86597','34','-8766.36','613.714','97.7477','0',NULL,NULL,NULL,NULL,NULL,NULL,'0','0','0','4.07441','0','0');
INSERT IGNORE INTO `creature_movement` VALUES ('86597','35','-8795.21','588.388','97.4252','0',"Why can't we just shift the array to compensate for the variance in the flux?",NULL,NULL,NULL,NULL,NULL,'1','0','0','3.81208','0','0');
INSERT IGNORE INTO `creature_movement` VALUES ('86597','36','-8827.78','626.605','93.9602','0',NULL,NULL,NULL,NULL,NULL,NULL,'0','0','0','2.27663','0','0');
INSERT IGNORE INTO `creature_movement` VALUES ('86597','37','-8851.91','660.436','97.0639','0',NULL,NULL,NULL,NULL,NULL,NULL,'0','0','0','2.07871','0','0');
INSERT IGNORE INTO `creature_movement` VALUES ('86597','38','-8825.17','677.133','97.6734','0',NULL,NULL,NULL,NULL,NULL,NULL,'0','0','0','0.558179','0','0');
INSERT IGNORE INTO `creature_movement` VALUES ('86597','39','-8834.78','699.305','97.5989','0',NULL,NULL,NULL,NULL,NULL,NULL,'0','0','0','2.03944','0','0');
INSERT IGNORE INTO `creature_movement` VALUES ('86597','40','-8856.22','741.643','100.664','0',"But isn't that what caused the initial problems with Adept Syleria's magical formula?",NULL,NULL,NULL,NULL,NULL,'1','0','0','2.03944','0','0');
INSERT IGNORE INTO `creature_movement` VALUES ('86597','41','-8871.07','761.216','96.7029','0',NULL,NULL,NULL,NULL,NULL,NULL,'0','0','0','2.22322','0','0');
INSERT IGNORE INTO `creature_movement` VALUES ('86597','42','-8879.21','754.841','96.2744','0',NULL,NULL,NULL,NULL,NULL,NULL,'0','0','0','3.80345','0','0');
INSERT IGNORE INTO `creature_movement` VALUES ('86597','43','-8895.35','774.144','90.8705','0',NULL,NULL,NULL,NULL,NULL,NULL,'0','0','0','2.20123','0','0');
INSERT IGNORE INTO `creature_movement` VALUES ('86597','44','-8909.05','790.751','87.4828','0',NULL,NULL,NULL,NULL,NULL,NULL,'0','0','0','2.3214','0','0');
INSERT IGNORE INTO `creature_movement` VALUES ('86597','45','-8927.56','775.959','87.4549','0',NULL,NULL,NULL,NULL,NULL,NULL,'0','0','0','3.68407','0','0');
INSERT IGNORE INTO `creature_movement` VALUES ('86597','46','-8944.56','771.765','90.3968','0',"I think not, I don't need to be blown up again.",NULL,NULL,NULL,NULL,NULL,'1','0','0','3.3165','0','0');
INSERT IGNORE INTO `creature_movement` VALUES ('86597','47','-8967.04','772.565','95.0881','0',NULL,NULL,NULL,NULL,NULL,NULL,'0','0','0','3.10601','0','0');
INSERT IGNORE INTO `creature_movement` VALUES ('86597','48','-8982.78','787.624','98.941','0',NULL,NULL,NULL,NULL,NULL,NULL,'0','0','0','2.3968','0','0');
INSERT IGNORE INTO `creature_movement` VALUES ('86597','49','-8989.34','799.274','101.956','0',NULL,NULL,NULL,NULL,NULL,NULL,'0','0','0','2.05829','0','0');
INSERT IGNORE INTO `creature_movement` VALUES ('86597','50','-8994.48','828.092','105.173','0',NULL,NULL,NULL,NULL,NULL,NULL,'0','0','0','1.74727','0','0');
INSERT IGNORE INTO `creature_movement` VALUES ('86597','51','-8990.53','848.525','105.775','0','Maginor says that twisting alternating flows of positive energy actually creates a much more stable flow.',NULL,NULL,NULL,NULL,NULL,'1','0','0','1.37971','0','0');
INSERT IGNORE INTO `creature_movement` VALUES ('86597','52','-8989.59','858.133','105.775','12001',NULL,NULL,NULL,NULL,NULL,NULL,'0','0','0','3.46022','0','0');
INSERT IGNORE INTO `creature_movement` VALUES ('86597','53','-8989.59','858.133','105.775','12000','But wouldn`t that mean crossing the streams? Isn`t that really bad?',NULL,NULL,NULL,NULL,NULL,'1','0','0','3.46022','0','0');
INSERT IGNORE INTO `creature_movement` VALUES ('86597','54','-8989.59','858.133','105.775','12000',NULL,NULL,NULL,NULL,NULL,NULL,'0','0','0','3.46022','0','0');
INSERT IGNORE INTO `creature_movement` VALUES ('86597','55','-8989.59','858.133','105.775','12000',NULL,NULL,NULL,NULL,NULL,NULL,'0','0','0','3.46022','0','0');
INSERT IGNORE INTO `creature_movement` VALUES ('86597','56','-8989.59','858.133','105.775','12000',"But isn't that what caused the initial problems with Adept Syleria's magical formula?",NULL,NULL,NULL,NULL,NULL,'1','0','0','3.46022','0','0');
INSERT IGNORE INTO `creature_movement` VALUES ('86597','57','-8989.59','858.133','105.775','12000',NULL,NULL,NULL,NULL,NULL,NULL,'0','0','0','3.46022','0','0');
INSERT IGNORE INTO `creature_movement` VALUES ('86597','58','-8989.59','858.133','105.775','12000',NULL,NULL,NULL,NULL,NULL,NULL,'0','0','0','3.46022','0','0');
INSERT IGNORE INTO `creature_movement` VALUES ('86597','59','-8989.59','858.133','105.775','12000',NULL,NULL,NULL,NULL,NULL,NULL,'0','0','0','3.46022','0','0');
INSERT IGNORE INTO `creature_movement` VALUES ('86597','60','-8989.59','858.133','105.775','12000',NULL,NULL,NULL,NULL,NULL,NULL,'0','0','0','3.46022','0','0');
INSERT IGNORE INTO `creature_movement` VALUES ('86597','61','-8989.59','858.133','105.775','12000',NULL,NULL,NULL,NULL,NULL,NULL,'0','0','0','3.46022','0','0');
INSERT IGNORE INTO `creature_movement` VALUES ('86597','62','-8989.59','858.133','105.775','12000',NULL,NULL,NULL,NULL,NULL,NULL,'0','0','0','3.46022','0','0');
INSERT IGNORE INTO `creature_movement` VALUES ('89294','1','-8956.38','861.962','105.201','500','If we reverse the Essence flows perhaps we can alter the polarity.',NULL,NULL,NULL,NULL,NULL,'1','0','0','0.110455','0','0');
INSERT IGNORE INTO `creature_movement` VALUES ('89294','2','-8945.17','862.019','104.05','0',NULL,NULL,NULL,NULL,NULL,NULL,'0','0','0','6.02607','0','0');
INSERT IGNORE INTO `creature_movement` VALUES ('89294','3','-8925.79','858.199','99.2198','500',NULL,NULL,NULL,NULL,NULL,NULL,'0','0','0','6.06613','0','0');
INSERT IGNORE INTO `creature_movement` VALUES ('89294','4','-8912.87','848.903','96.4137','0',NULL,NULL,NULL,NULL,NULL,NULL,'0','0','0','5.47629','0','0');
INSERT IGNORE INTO `creature_movement` VALUES ('89294','5','-8904.6','856.226','96.3149','0',NULL,NULL,NULL,NULL,NULL,NULL,'0','0','0','0.789039','0','0');
INSERT IGNORE INTO `creature_movement` VALUES ('89294','6','-8893.63','881.175','100.8','0',NULL,NULL,NULL,NULL,NULL,NULL,'0','0','0','1.15661','0','0');
INSERT IGNORE INTO `creature_movement` VALUES ('89294','7','-8889.35','894.514','105.074','0',NULL,NULL,NULL,NULL,NULL,NULL,'0','0','0','1.26028','0','0');
INSERT IGNORE INTO `creature_movement` VALUES ('89294','8','-8895.76','909.735','110.41','0',NULL,NULL,NULL,NULL,NULL,NULL,'0','0','0','1.7433','0','0');
INSERT IGNORE INTO `creature_movement` VALUES ('89294','9','-8881.16','917.464','108.569','0',NULL,NULL,NULL,NULL,NULL,NULL,'0','0','0','0.48666','0','0');
INSERT IGNORE INTO `creature_movement` VALUES ('89294','10','-8855.62','929.2','102.057','750',NULL,NULL,NULL,NULL,NULL,NULL,'0','0','0','0.408906','0','0');
INSERT IGNORE INTO `creature_movement` VALUES ('89294','11','-8838.79','937.589','105.393','0',NULL,NULL,NULL,NULL,NULL,NULL,'0','0','0','0.462313','0','0');
INSERT IGNORE INTO `creature_movement` VALUES ('89294','12','-8818.39','950.638','100.944','0',NULL,NULL,NULL,NULL,NULL,NULL,'0','0','0','0.569127','0','0');
INSERT IGNORE INTO `creature_movement` VALUES ('89294','13','-8813.44','948.407','101.241','0',NULL,NULL,NULL,NULL,NULL,NULL,'0','0','0','5.85957','0','0');
INSERT IGNORE INTO `creature_movement` VALUES ('89294','14','-8790.02','918.575','100.13','500','What if we used three focuses in Tyrean pattern? That should solve it.',NULL,NULL,NULL,NULL,NULL,'1','0','0','5.36477','0','0');
INSERT IGNORE INTO `creature_movement` VALUES ('89294','15','-8780.95','911.527','100.098','0',NULL,NULL,NULL,NULL,NULL,NULL,'0','0','0','5.62238','0','0');
INSERT IGNORE INTO `creature_movement` VALUES ('89294','16','-8776.72','908.304','100.306','0','Wow, all this for a love potion. Hope he is worth it.',NULL,NULL,NULL,NULL,NULL,'1','0','0','5.45985','0','0');
INSERT IGNORE INTO `creature_movement` VALUES ('89294','17','-8768.57','899.51','101.003','0',NULL,NULL,NULL,NULL,NULL,NULL,'0','0','0','5.45985','0','0');
INSERT IGNORE INTO `creature_movement` VALUES ('89294','18','-8754.96','892.891','101.829','0',NULL,NULL,NULL,NULL,NULL,NULL,'0','0','0','5.83056','0','0');
INSERT IGNORE INTO `creature_movement` VALUES ('89294','19','-8739.95','892.369','101.381','1000',NULL,NULL,NULL,NULL,NULL,NULL,'0','0','0','6.24839','0','0');
INSERT IGNORE INTO `creature_movement` VALUES ('89294','20','-8727.09','878.714','102.682','0',NULL,NULL,NULL,NULL,NULL,NULL,'0','0','0','5.34832','0','0');
INSERT IGNORE INTO `creature_movement` VALUES ('89294','21','-8712.33','858.722','96.9426','2500','If we use the appropriate sequence we should be ok. Will just take some serious studying before we start.',NULL,NULL,NULL,NULL,NULL,'1','0','0','5.34832','0','0');
INSERT IGNORE INTO `creature_movement` VALUES ('89294','22','-8715.64','849.853','96.6736','0',NULL,NULL,NULL,NULL,NULL,NULL,'0','0','0','4.35558','0','0');
INSERT IGNORE INTO `creature_movement` VALUES ('89294','23','-8726.43','830.74','96.293','0',NULL,NULL,NULL,NULL,NULL,NULL,'0','0','0','4.1985','0','0');
INSERT IGNORE INTO `creature_movement` VALUES ('89294','24','-8727.04','817.252','97.0184','0',NULL,NULL,NULL,NULL,NULL,NULL,'0','0','0','4.6666','0','0');
INSERT IGNORE INTO `creature_movement` VALUES ('89294','25','-8717.11','800.258','97.3272','0',NULL,NULL,NULL,NULL,NULL,NULL,'0','0','0','5.24151','0','0');
INSERT IGNORE INTO `creature_movement` VALUES ('89294','26','-8721.28','784.526','97.6994','1000',NULL,NULL,NULL,NULL,NULL,NULL,'0','0','0','4.45297','0','0');
INSERT IGNORE INTO `creature_movement` VALUES ('89294','27','-8730.32','768.756','98.1806','0','The Portal will shift slightly. At this point if you cast a binding cantrip you will solidify it in place.',NULL,NULL,NULL,NULL,NULL,'1','0','0','4.19221','0','0');
INSERT IGNORE INTO `creature_movement` VALUES ('89294','28','-8729.4','760.346','98.2891','0',NULL,NULL,NULL,NULL,NULL,NULL,'0','0','0','4.82053','0','0');
INSERT IGNORE INTO `creature_movement` VALUES ('89294','29','-8717.1','741.411','97.7749','2000',NULL,NULL,NULL,NULL,NULL,NULL,'0','0','0','5.28863','0','0');
INSERT IGNORE INTO `creature_movement` VALUES ('89294','30','-8721.98','730.467','99.2931','0',NULL,NULL,NULL,NULL,NULL,NULL,'0','0','0','4.29275','0','0');
INSERT IGNORE INTO `creature_movement` VALUES ('89294','31','-8742.67','713.736','98.364','0',NULL,NULL,NULL,NULL,NULL,NULL,'0','0','0','3.82151','0','0');
INSERT IGNORE INTO `creature_movement` VALUES ('89294','32','-8737.66','700.654','98.7073','1000',NULL,NULL,NULL,NULL,NULL,NULL,'0','0','0','5.07815','0','0');
INSERT IGNORE INTO `creature_movement` VALUES ('89294','33','-8774.45','671.1','103.093','1000',NULL,NULL,NULL,NULL,NULL,NULL,'0','0','0','3.81837','0','0');
INSERT IGNORE INTO `creature_movement` VALUES ('89294','34','-8761.09','647.92','103.892','500',NULL,NULL,NULL,NULL,NULL,NULL,'0','0','0','5.23522','0','0');
INSERT IGNORE INTO `creature_movement` VALUES ('89294','35','-8758.25','631.654','102.552','0',NULL,NULL,NULL,NULL,NULL,NULL,'0','0','0','4.84095','0','0');
INSERT IGNORE INTO `creature_movement` VALUES ('89294','36','-8761.26','619.277','99.6415','0',NULL,NULL,NULL,NULL,NULL,NULL,'0','0','0','4.47339','0','0');
INSERT IGNORE INTO `creature_movement` VALUES ('89294','37','-8791.15','591.401','97.5752','1000','Wow, all this for a love potion. Hope he is worth it.',NULL,NULL,NULL,NULL,NULL,'1','0','0','3.89219','0','0');
INSERT IGNORE INTO `creature_movement` VALUES ('89294','38','-8798.49','594.099','97.4966','0',NULL,NULL,NULL,NULL,NULL,NULL,'0','0','0','2.78949','0','0');
INSERT IGNORE INTO `creature_movement` VALUES ('89294','39','-8819.84','619.974','94.4624','0',NULL,NULL,NULL,NULL,NULL,NULL,'0','0','0','2.25464','0','0');
INSERT IGNORE INTO `creature_movement` VALUES ('89294','40','-8851.16','658.41','96.9406','0',NULL,NULL,NULL,NULL,NULL,NULL,'0','0','0','2.25464','0','0');
INSERT IGNORE INTO `creature_movement` VALUES ('89294','41','-8841.52','668.036','97.9048','0',NULL,NULL,NULL,NULL,NULL,NULL,'0','0','0','0.78437','0','0');
INSERT IGNORE INTO `creature_movement` VALUES ('89294','42','-8826.92','678.619','97.4451','0',NULL,NULL,NULL,NULL,NULL,NULL,'0','0','0','0.627291','0','0');
INSERT IGNORE INTO `creature_movement` VALUES ('89294','43','-8838.66','703.165','97.6031','0','But if we stabilize it with an anchor thread at the appropriate energy crux then it should work.',NULL,NULL,NULL,NULL,NULL,'1','0','0','2.0198','0','0');
INSERT IGNORE INTO `creature_movement` VALUES ('89294','44','-8851.21','729.209','98.7546','0',NULL,NULL,NULL,NULL,NULL,NULL,'0','0','0','2.0198','0','0');
INSERT IGNORE INTO `creature_movement` VALUES ('89294','45','-8869.29','757.77','97.0481','0',NULL,NULL,NULL,NULL,NULL,NULL,'0','0','0','2.13761','0','0');
INSERT IGNORE INTO `creature_movement` VALUES ('89294','46','-8880.36','754.271','96.2332','0',NULL,NULL,NULL,NULL,NULL,NULL,'0','0','0','3.44766','0','0');
INSERT IGNORE INTO `creature_movement` VALUES ('89294','47','-8909.85','788.326','87.5621','0',NULL,NULL,NULL,NULL,NULL,NULL,'0','0','0','2.33239','0','0');
INSERT IGNORE INTO `creature_movement` VALUES ('89294','48','-8929.72','772.969','87.8993','0',NULL,NULL,NULL,NULL,NULL,NULL,'0','0','0','3.79952','0','0');
INSERT IGNORE INTO `creature_movement` VALUES ('89294','49','-8956.86','769.331','92.9493','0',NULL,NULL,NULL,NULL,NULL,NULL,'0','0','0','3.27487','0','0');
INSERT IGNORE INTO `creature_movement` VALUES ('89294','50','-8981.88','786.395','98.5941','1000',NULL,NULL,NULL,NULL,NULL,NULL,'0','0','0','2.54288','0','0');
INSERT IGNORE INTO `creature_movement` VALUES ('89294','51','-8991.52','802.091','102.745','0','What if we used three focuses in Tyrean pattern? That should solve it.',NULL,NULL,NULL,NULL,NULL,'1','0','0','2.1219','0','0');
INSERT IGNORE INTO `creature_movement` VALUES ('89294','52','-8994.75','826.745','105.092','0',NULL,NULL,NULL,NULL,NULL,NULL,'0','0','0','1.70093','0','0');
INSERT IGNORE INTO `creature_movement` VALUES ('89294','53','-8988.38','848.016','105.797','0',NULL,NULL,NULL,NULL,NULL,NULL,'0','0','0','1.27996','0','0');
INSERT IGNORE INTO `creature_movement` VALUES ('89294','54','-8992.66','856.234','105.775','12000',NULL,NULL,NULL,NULL,NULL,NULL,'0','0','0','0.595873','0','0');
INSERT IGNORE INTO `creature_movement` VALUES ('89294','55','-8992.66','856.234','105.775','12000',NULL,NULL,NULL,NULL,NULL,NULL,'0','0','0','0.595873','0','0');
INSERT IGNORE INTO `creature_movement` VALUES ('89294','56','-8992.66','856.234','105.775','12000',NULL,NULL,NULL,NULL,NULL,NULL,'0','0','0','0.595873','0','0');
INSERT IGNORE INTO `creature_movement` VALUES ('89294','57','-8992.66','856.234','105.775','12000','If we use the appropriate sequence we should be ok. Will just take some serious studying before we start.',NULL,NULL,NULL,NULL,NULL,'1','0','0','0.595873','0','0');
INSERT IGNORE INTO `creature_movement` VALUES ('89294','58','-8992.66','856.234','105.775','12000',NULL,NULL,NULL,NULL,NULL,NULL,'0','0','0','0.595873','0','0');
INSERT IGNORE INTO `creature_movement` VALUES ('89294','59','-8992.66','856.234','105.775','12000','But if we stabilize it with an anchor thread at the appropriate energy crux then it should work.',NULL,NULL,NULL,NULL,NULL,'1','0','0','0.595873','0','0');
INSERT IGNORE INTO `creature_movement` VALUES ('89294','60','-8992.66','856.234','105.775','12000',NULL,NULL,NULL,NULL,NULL,NULL,'0','0','0','0.595873','0','0');
INSERT IGNORE INTO `creature_movement` VALUES ('89294','61','-8992.66','856.234','105.775','12000',NULL,NULL,NULL,NULL,NULL,NULL,'0','0','0','0.595873','0','0');
INSERT IGNORE INTO `creature_movement` VALUES ('89294','62','-8992.66','856.234','105.775','12000','Wow, all this for a love potion. Hope he is worth it.',NULL,NULL,NULL,NULL,NULL,'1','0','0','0.595873','0','0');
INSERT IGNORE INTO `creature_movement` VALUES ('89294','63','-8992.66','856.234','105.775','12000',NULL,NULL,NULL,NULL,NULL,NULL,'0','0','0','0.595873','0','0');
INSERT IGNORE INTO `creature_movement` VALUES ('89294','64','-8992.66','856.234','105.775','12000',NULL,NULL,NULL,NULL,NULL,NULL,'0','0','0','0.595873','0','0');
INSERT IGNORE INTO `creature_movement` VALUES ('90438','1','-8853.4','934.071','102.148','0',NULL,NULL,NULL,NULL,NULL,NULL,'0','0','0','0.0','0','0');
INSERT IGNORE INTO `creature_movement` VALUES ('90438','2','-8875.62','921.971','107.153','0',NULL,NULL,NULL,NULL,NULL,NULL,'0','0','0','0.0','0','0');
INSERT IGNORE INTO `creature_movement` VALUES ('90438','3','-8894.83','911.322','110.788','0',NULL,NULL,NULL,NULL,NULL,NULL,'0','0','0','0.0','0','0');
INSERT IGNORE INTO `creature_movement` VALUES ('90438','4','-8886.82','895.157','104.86','0',NULL,NULL,NULL,NULL,NULL,NULL,'0','0','0','0.0','0','0');
INSERT IGNORE INTO `creature_movement` VALUES ('90438','5','-8893.19','876.619','99.6603','0',NULL,NULL,NULL,NULL,NULL,NULL,'0','0','0','0.0','0','0');
INSERT IGNORE INTO `creature_movement` VALUES ('90438','6','-8898.05','861.986','96.2203','0',NULL,NULL,NULL,NULL,NULL,NULL,'0','0','0','0.0','0','0');
INSERT IGNORE INTO `creature_movement` VALUES ('90438','7','-8910.36','844.586','96.1538','0',NULL,NULL,NULL,NULL,NULL,NULL,'0','0','0','0.0','0','0');
INSERT IGNORE INTO `creature_movement` VALUES ('90438','8','-8898.23','826.571','92.4975','0',NULL,NULL,NULL,NULL,NULL,NULL,'0','0','0','0.0','0','0');
INSERT IGNORE INTO `creature_movement` VALUES ('90438','9','-8897.11','824.915','92.0254','0',NULL,NULL,NULL,NULL,NULL,NULL,'0','0','0','0.0','0','0');
INSERT IGNORE INTO `creature_movement` VALUES ('90438','10','-8900.37','804.268','87.6642','0',NULL,NULL,NULL,NULL,NULL,NULL,'0','0','0','0.0','0','0');
INSERT IGNORE INTO `creature_movement` VALUES ('90438','11','-8900.76','800.914','87.5413','0',NULL,NULL,NULL,NULL,NULL,NULL,'0','0','0','0.0','0','0');
INSERT IGNORE INTO `creature_movement` VALUES ('90438','12','-8918.73','784.538','87.421','0',NULL,NULL,NULL,NULL,NULL,NULL,'0','0','0','0.0','0','0');
INSERT IGNORE INTO `creature_movement` VALUES ('90438','13','-8931.62','772.934','88.2196','0',NULL,NULL,NULL,NULL,NULL,NULL,'0','0','0','0.0','0','0');
INSERT IGNORE INTO `creature_movement` VALUES ('90438','14','-8956.49','770.997','92.8743','0',NULL,NULL,NULL,NULL,NULL,NULL,'0','0','0','0.0','0','0');
INSERT IGNORE INTO `creature_movement` VALUES ('90438','15','-8963.16','770.718','94.2726','0',NULL,NULL,NULL,NULL,NULL,NULL,'0','0','0','0.0','0','0');
INSERT IGNORE INTO `creature_movement` VALUES ('90438','16','-8976.45','782.422','97.2735','0',NULL,NULL,NULL,NULL,NULL,NULL,'0','0','0','0.0','0','0');
INSERT IGNORE INTO `creature_movement` VALUES ('90438','17','-8984.76','790.496','99.7633','0',NULL,NULL,NULL,NULL,NULL,NULL,'0','0','0','0.0','0','0');
INSERT IGNORE INTO `creature_movement` VALUES ('90438','18','-8985.52','791.83','100.124','0',NULL,NULL,NULL,NULL,NULL,NULL,'0','0','0','0.0','0','0');
INSERT IGNORE INTO `creature_movement` VALUES ('90438','19','-8987.66','793.486','100.658','0',NULL,NULL,NULL,NULL,NULL,NULL,'0','0','0','0.0','0','0');
INSERT IGNORE INTO `creature_movement` VALUES ('90438','20','-8992.17','810.627','103.678','0',NULL,NULL,NULL,NULL,NULL,NULL,'0','0','0','0.0','0','0');
INSERT IGNORE INTO `creature_movement` VALUES ('90438','21','-8996.32','826.249','105.06','0',NULL,NULL,NULL,NULL,NULL,NULL,'0','0','0','0.0','0','0');
INSERT IGNORE INTO `creature_movement` VALUES ('90438','22','-8998.58','835.824','105.795','0',NULL,NULL,NULL,NULL,NULL,NULL,'0','0','0','0.0','0','0');
INSERT IGNORE INTO `creature_movement` VALUES ('90438','23','-8989.13','836.489','105.741','0',NULL,NULL,NULL,NULL,NULL,NULL,'0','0','0','0.0','0','0');
INSERT IGNORE INTO `creature_movement` VALUES ('90438','24','-8975.21','855.5','105.844','0',NULL,NULL,NULL,NULL,NULL,NULL,'0','0','0','0.0','0','0');
INSERT IGNORE INTO `creature_movement` VALUES ('90438','25','-8962.24','858.538','105.673','0',NULL,NULL,NULL,NULL,NULL,NULL,'0','0','0','0.0','0','0');
INSERT IGNORE INTO `creature_movement` VALUES ('90438','26','-8946.38','862.309','104.179','0',NULL,NULL,NULL,NULL,NULL,NULL,'0','0','0','0.0','0','0');
INSERT IGNORE INTO `creature_movement` VALUES ('90438','27','-8931.13','858.338','100.558','0',NULL,NULL,NULL,NULL,NULL,NULL,'0','0','0','0.0','0','0');
INSERT IGNORE INTO `creature_movement` VALUES ('90438','28','-8923.47','855.939','98.4757','0',NULL,NULL,NULL,NULL,NULL,NULL,'0','0','0','0.0','0','0');
INSERT IGNORE INTO `creature_movement` VALUES ('90438','29','-8909.93','846.069','96.1832','0',NULL,NULL,NULL,NULL,NULL,NULL,'0','0','0','0.0','0','0');
INSERT IGNORE INTO `creature_movement` VALUES ('90438','30','-8900.04','859.049','96.2337','0',NULL,NULL,NULL,NULL,NULL,NULL,'0','0','0','0.0','0','0');
INSERT IGNORE INTO `creature_movement` VALUES ('90438','31','-8898.03','861.588','96.213','0',NULL,NULL,NULL,NULL,NULL,NULL,'0','0','0','0.0','0','0');
INSERT IGNORE INTO `creature_movement` VALUES ('90438','32','-8892.32','878.386','100.199','0',NULL,NULL,NULL,NULL,NULL,NULL,'0','0','0','0.0','0','0');
INSERT IGNORE INTO `creature_movement` VALUES ('90438','33','-8887.16','895.318','104.968','0',NULL,NULL,NULL,NULL,NULL,NULL,'0','0','0','0.0','0','0');
INSERT IGNORE INTO `creature_movement` VALUES ('90438','34','-8889.7','901.167','107.279','0',NULL,NULL,NULL,NULL,NULL,NULL,'0','0','0','0.0','0','0');
INSERT IGNORE INTO `creature_movement` VALUES ('90438','35','-8894.99','911.068','110.799','0',NULL,NULL,NULL,NULL,NULL,NULL,'0','0','0','0.0','0','0');
INSERT IGNORE INTO `creature_movement` VALUES ('90438','36','-8883.08','917.851','108.868','0',NULL,NULL,NULL,NULL,NULL,NULL,'0','0','0','0.0','0','0');
INSERT IGNORE INTO `creature_movement` VALUES ('90438','37','-8867.17','926.648','104.812','0',NULL,NULL,NULL,NULL,NULL,NULL,'0','0','0','0.0','0','0');
INSERT IGNORE INTO `creature_movement` VALUES ('90440','1','-8773.3','901.218','100.673','1',NULL,NULL,NULL,NULL,NULL,NULL,'0','0','0','0.0','0','0');
INSERT IGNORE INTO `creature_movement` VALUES ('90440','2','-8770.73','900.634','100.807','0',NULL,NULL,NULL,NULL,NULL,NULL,'0','0','0','0.0','0','0');
INSERT IGNORE INTO `creature_movement` VALUES ('90440','3','-8771.87','898.481','100.858','0',NULL,NULL,NULL,NULL,NULL,NULL,'0','0','0','0.0','0','0');
INSERT IGNORE INTO `creature_movement` VALUES ('90440','4','-8773.89','898.793','100.766','2',NULL,NULL,NULL,NULL,NULL,NULL,'0','0','0','0.0','0','0');
INSERT IGNORE INTO `creature_movement` VALUES ('90440','5','-8773.42','896.333','100.893','1',NULL,NULL,NULL,NULL,NULL,NULL,'0','0','0','0.0','0','0');
INSERT IGNORE INTO `creature_movement` VALUES ('90440','6','-8776.55','895.585','100.804','2',NULL,NULL,NULL,NULL,NULL,NULL,'0','0','0','0.0','0','0');
INSERT IGNORE INTO `creature_movement` VALUES ('90440','7','-8776.03','898.379','100.69','2',NULL,NULL,NULL,NULL,NULL,NULL,'0','0','0','0.0','0','0');
INSERT IGNORE INTO `creature_movement` VALUES ('90443','1','-8777.9','899.865','100.55','1',NULL,NULL,NULL,NULL,NULL,NULL,'0','0','0','0.0','0','0');
INSERT IGNORE INTO `creature_movement` VALUES ('90443','2','-8779.06','901.907','100.45','0',NULL,NULL,NULL,NULL,NULL,NULL,'0','0','0','0.0','0','0');
INSERT IGNORE INTO `creature_movement` VALUES ('90443','3','-8775.01','901.302','100.592','1',NULL,NULL,NULL,NULL,NULL,NULL,'0','0','0','0.0','0','0');
INSERT IGNORE INTO `creature_movement` VALUES ('90443','4','-8776.22','899.272','100.642','2',NULL,NULL,NULL,NULL,NULL,NULL,'0','0','0','0.0','0','0');
INSERT IGNORE INTO `creature_movement` VALUES ('90443','5','-8774.38','898.119','100.778','1',NULL,NULL,NULL,NULL,NULL,NULL,'0','0','0','0.0','0','0');
INSERT IGNORE INTO `creature_movement` VALUES ('90443','6','-8778.13','896.97','100.677','2',NULL,NULL,NULL,NULL,NULL,NULL,'0','0','0','0.0','0','0');
INSERT IGNORE INTO `creature_movement` VALUES ('90443','7','-8779.8','899.385','100.512','2',NULL,NULL,NULL,NULL,NULL,NULL,'0','0','0','0.0','0','0');
INSERT IGNORE INTO `creature_movement` VALUES ('90444','1','-8773.87','893.935','100.983','0',NULL,NULL,NULL,NULL,NULL,NULL,'0','0','0','0.0','0','0');
INSERT IGNORE INTO `creature_movement` VALUES ('90444','2','-8770.8','896.65','100.983','1',NULL,NULL,NULL,NULL,NULL,NULL,'0','0','0','0.0','0','0');
INSERT IGNORE INTO `creature_movement` VALUES ('90444','3','-8775.48','896.959','100.785','1',NULL,NULL,NULL,NULL,NULL,NULL,'0','0','0','0.0','0','0');
INSERT IGNORE INTO `creature_movement` VALUES ('90444','4','-8771.55','895.288','101.013','1',NULL,NULL,NULL,NULL,NULL,NULL,'0','0','0','0.0','0','0');
INSERT IGNORE INTO `creature_movement` VALUES ('90444','5','-8773.77','893.409','101.01','2',NULL,NULL,NULL,NULL,NULL,NULL,'0','0','0','0.0','0','0');
INSERT IGNORE INTO `creature_movement` VALUES ('90444','6','-8775.8','896.377','100.798','2',NULL,NULL,NULL,NULL,NULL,NULL,'0','0','0','0.0','0','0');
INSERT IGNORE INTO `creature_movement` VALUES ('90445','1','-9034.2','877.191','110.196','0',NULL,NULL,NULL,NULL,NULL,NULL,'0','0','0','4.29754','0','0');
INSERT IGNORE INTO `creature_movement` VALUES ('90445','2','-9035.91','860.754','107.111','0','Magical studies stressing your brain? Relax at the Blue Recluse!',NULL,NULL,NULL,NULL,NULL,'0','0','0','4.60855','0','0');
INSERT IGNORE INTO `creature_movement` VALUES ('90445','3','-9033.92','848.171','107.11','0',NULL,NULL,NULL,NULL,NULL,NULL,'0','0','0','4.86931','0','0');
INSERT IGNORE INTO `creature_movement` VALUES ('90445','4','-9023.53','832.354','105.627','0','Best drinks in Stormwind!',NULL,NULL,NULL,NULL,NULL,'0','0','0','5.29342','0','0');
INSERT IGNORE INTO `creature_movement` VALUES ('90445','5','-9016.38','825.968','105.505','0',NULL,NULL,NULL,NULL,NULL,NULL,'0','0','0','5.55417','0','0');
INSERT IGNORE INTO `creature_movement` VALUES ('90445','6','-9012.89','823.956','105.391','0',NULL,NULL,NULL,NULL,NULL,NULL,'0','0','0','5.7678','0','0');
INSERT IGNORE INTO `creature_movement` VALUES ('90445','7','-9005.3','830.229','105.844','0','Head on over to the Blue Recluse. Where everybody knows your name!',NULL,NULL,NULL,NULL,NULL,'0','0','0','0.69099','0','0');
INSERT IGNORE INTO `creature_movement` VALUES ('90445','8','-8994.8','835.745','105.735','0',NULL,NULL,NULL,NULL,NULL,NULL,'0','0','0','0.483645','0','0');
INSERT IGNORE INTO `creature_movement` VALUES ('90445','9','-8989.94','837.108','105.735','0',NULL,NULL,NULL,NULL,NULL,NULL,'0','0','0','0.273158','0','0');
INSERT IGNORE INTO `creature_movement` VALUES ('90445','10','-8982.81','843.712','105.693','0',NULL,NULL,NULL,NULL,NULL,NULL,'0','0','0','0.747539','0','0');
INSERT IGNORE INTO `creature_movement` VALUES ('90445','11','-8978.75','849.494','105.573','0',NULL,NULL,NULL,NULL,NULL,NULL,'0','0','0','0.958026','0','0');
INSERT IGNORE INTO `creature_movement` VALUES ('90445','12','-8976.2','854.701','105.781','0','Feeling blue? Come on down to the Blue Recluse for a good time!',NULL,NULL,NULL,NULL,NULL,'0','0','0','1.11511','0','0');
INSERT IGNORE INTO `creature_movement` VALUES ('90445','13','-8954.92','861.906','105.05','0',NULL,NULL,NULL,NULL,NULL,NULL,'0','0','0','0.326565','0','0');
INSERT IGNORE INTO `creature_movement` VALUES ('90445','14','-8943.87','861.831','103.905','0',NULL,NULL,NULL,NULL,NULL,NULL,'0','0','0','0.009264','0','0');
INSERT IGNORE INTO `creature_movement` VALUES ('90445','15','-8922.47','856.404','98.249','0',NULL,NULL,NULL,NULL,NULL,NULL,'0','0','0','6.03484','0','0');
INSERT IGNORE INTO `creature_movement` VALUES ('90445','16','-8912.75','848.766','96.4024','0',NULL,NULL,NULL,NULL,NULL,NULL,'0','0','0','5.61701','0','0');
INSERT IGNORE INTO `creature_movement` VALUES ('90445','17','-8901.89','834.202','94.0667','0','Best drinks in Stormwind!',NULL,NULL,NULL,NULL,NULL,'0','0','0','5.35311','0','0');
INSERT IGNORE INTO `creature_movement` VALUES ('90445','18','-8899.06','827.046','92.6505','0',NULL,NULL,NULL,NULL,NULL,NULL,'0','0','0','5.08922','0','0');
INSERT IGNORE INTO `creature_movement` VALUES ('90445','19','-8898.81','807.248','88.1918','0',NULL,NULL,NULL,NULL,NULL,NULL,'0','0','0','4.72479','0','0');
INSERT IGNORE INTO `creature_movement` VALUES ('90445','20','-8902.02','799.839','87.4874','0',NULL,NULL,NULL,NULL,NULL,NULL,'0','0','0','4.30382','0','0');
INSERT IGNORE INTO `creature_movement` VALUES ('90445','21','-8922.09','779.398','87.1289','0','Magical studies stressing your brain? Relax at the Blue Recluse!',NULL,NULL,NULL,NULL,NULL,'0','0','0','3.93625','0','0');
INSERT IGNORE INTO `creature_movement` VALUES ('90445','22','-8928.82','775.42','87.6545','0',NULL,NULL,NULL,NULL,NULL,NULL,'0','0','0','3.6755','0','0');
INSERT IGNORE INTO `creature_movement` VALUES ('90445','23','-8941.95','771.786','89.9387','0',NULL,NULL,NULL,NULL,NULL,NULL,'0','0','0','3.41161','0','0');
INSERT IGNORE INTO `creature_movement` VALUES ('90445','24','-8957.81','770.791','93.1487','0',NULL,NULL,NULL,NULL,NULL,NULL,'0','0','0','3.20426','0','0');
INSERT IGNORE INTO `creature_movement` VALUES ('90445','25','-8968.67','774.861','95.4338','0',NULL,NULL,NULL,NULL,NULL,NULL,'0','0','0','2.78329','0','0');
INSERT IGNORE INTO `creature_movement` VALUES ('90445','26','-8982.65','786.061','98.6597','0','Ask me how you can get a free drink at the Blue Recluse!',NULL,NULL,NULL,NULL,NULL,'0','0','0','2.46599','0','0');
INSERT IGNORE INTO `creature_movement` VALUES ('90445','27','-8988.77','796.649','101.436','0',NULL,NULL,NULL,NULL,NULL,NULL,'0','0','0','2.09528','0','0');
INSERT IGNORE INTO `creature_movement` VALUES ('90445','28','-8991.35','804.573','103.096','0',NULL,NULL,NULL,NULL,NULL,NULL,'0','0','0','1.88479','0','0');
INSERT IGNORE INTO `creature_movement` VALUES ('90445','29','-8994.84','826.638','105.086','0',NULL,NULL,NULL,NULL,NULL,NULL,'0','0','0','1.72771','0','0');
INSERT IGNORE INTO `creature_movement` VALUES ('90445','30','-8990.29','835.501','105.736','0','Head on over to the Blue Recluse. Where everybody knows your name!',NULL,NULL,NULL,NULL,NULL,'0','0','0','1.09625','0','0');
INSERT IGNORE INTO `creature_movement` VALUES ('90445','31','-8981.03','845.671','105.648','0',NULL,NULL,NULL,NULL,NULL,NULL,'0','0','0','0.83236','0','0');
INSERT IGNORE INTO `creature_movement` VALUES ('90445','32','-8976.62','855.44','105.797','0',NULL,NULL,NULL,NULL,NULL,NULL,'0','0','0','1.14652','0','0');
INSERT IGNORE INTO `creature_movement` VALUES ('90445','33','-8975.41','866.343','106.754','0',NULL,NULL,NULL,NULL,NULL,NULL,'0','0','0','1.46068','0','0');
INSERT IGNORE INTO `creature_movement` VALUES ('90445','34','-8977.36','879.192','106.493','0',NULL,NULL,NULL,NULL,NULL,NULL,'0','0','0','1.72143','0','0');
INSERT IGNORE INTO `creature_movement` VALUES ('90445','35','-8988.19','891.329','105.629','0','Free drinks at the Blue Recluse!',NULL,NULL,NULL,NULL,NULL,'0','0','0','2.29948','0','0');
INSERT IGNORE INTO `creature_movement` VALUES ('90445','36','-9002.42','900.679','105.676','0',NULL,NULL,NULL,NULL,NULL,NULL,'0','0','0','2.56024','0','0');
INSERT IGNORE INTO `creature_movement` VALUES ('90445','37','-9015.42','923.475','107.621','0',NULL,NULL,NULL,NULL,NULL,NULL,'0','0','0','2.089','0','0');
INSERT IGNORE INTO `creature_movement` VALUES ('90445','38','-9011.81','940.12','108.632','0',NULL,NULL,NULL,NULL,NULL,NULL,'0','0','0','1.35701','0','0');
INSERT IGNORE INTO `creature_movement` VALUES ('90445','39','-9005.63','953.796','110.287','0','Feeling blue? Come on down to the Blue Recluse for a good time!',NULL,NULL,NULL,NULL,NULL,'0','0','0','1.14652','0','0');
INSERT IGNORE INTO `creature_movement` VALUES ('90445','40','-8989.52','959.707','114.775','0',NULL,NULL,NULL,NULL,NULL,NULL,'0','0','0','0.351696','0','0');
INSERT IGNORE INTO `creature_movement` VALUES ('90445','41','-8975.89','959.491','116.712','0',NULL,NULL,NULL,NULL,NULL,NULL,'0','0','0','6.26731','0','0');
INSERT IGNORE INTO `creature_movement` VALUES ('90445','42','-8952.37','951.436','117.02','0',NULL,NULL,NULL,NULL,NULL,NULL,'0','0','0','5.95316','0','0');
INSERT IGNORE INTO `creature_movement` VALUES ('90445','43','-8939.33','949.156','117.145','0','Magical studies stressing your brain? Relax at the Blue Recluse!',NULL,NULL,NULL,NULL,NULL,'0','0','0','6.11024','0','0');
INSERT IGNORE INTO `creature_movement` VALUES ('90445','44','-8925.34','949.682','117.305','0',NULL,NULL,NULL,NULL,NULL,NULL,'0','0','0','0.037536','0','0');
INSERT IGNORE INTO `creature_movement` VALUES ('90445','45','-8916.03','941.926','117.103','0',NULL,NULL,NULL,NULL,NULL,NULL,'0','0','0','5.58873','0','0');
INSERT IGNORE INTO `creature_movement` VALUES ('90445','46','-8901.01','920.7','113.482','0',NULL,NULL,NULL,NULL,NULL,NULL,'0','0','0','5.32798','0','0');
INSERT IGNORE INTO `creature_movement` VALUES ('90445','47','-8888.86','895.884','105.43','0','Best drinks in Stormwind!',NULL,NULL,NULL,NULL,NULL,'0','0','0','5.16776','0','0');
INSERT IGNORE INTO `creature_movement` VALUES ('90445','48','-8889.01','887.939','102.653','0',NULL,NULL,NULL,NULL,NULL,NULL,'0','0','0','4.69338','0','0');
INSERT IGNORE INTO `creature_movement` VALUES ('90445','49','-8900.0','860.946','96.2711','0',NULL,NULL,NULL,NULL,NULL,NULL,'0','0','0','4.32581','0','0');
INSERT IGNORE INTO `creature_movement` VALUES ('90445','50','-8906.67','851.144','96.2159','0',NULL,NULL,NULL,NULL,NULL,NULL,'0','0','0','4.11532','0','0');
INSERT IGNORE INTO `creature_movement` VALUES ('90445','51','-8910.29','850.054','96.3303','0',NULL,NULL,NULL,NULL,NULL,NULL,'0','0','0','3.4336','0','0');
INSERT IGNORE INTO `creature_movement` VALUES ('90445','52','-8932.71','859.26','101.04','0','Ask me how you can get a free drink at the Blue Recluse!',NULL,NULL,NULL,NULL,NULL,'0','0','0','2.75187','0','0');
INSERT IGNORE INTO `creature_movement` VALUES ('90445','53','-8950.33','862.454','104.588','0',NULL,NULL,NULL,NULL,NULL,NULL,'0','0','0','2.96236','0','0');
INSERT IGNORE INTO `creature_movement` VALUES ('90445','54','-8974.64','855.231','105.853','0',NULL,NULL,NULL,NULL,NULL,NULL,'0','0','0','3.43045','0','0');
INSERT IGNORE INTO `creature_movement` VALUES ('90445','55','-8980.84','845.118','105.658','0',NULL,NULL,NULL,NULL,NULL,NULL,'0','0','0','4.16245','0','0');
INSERT IGNORE INTO `creature_movement` VALUES ('90445','56','-8989.95','837.338','105.738','0',NULL,NULL,NULL,NULL,NULL,NULL,'0','0','0','3.84829','0','0');
INSERT IGNORE INTO `creature_movement` VALUES ('90445','57','-8996.83','835.71','105.734','0','Head on over to the Blue Recluse. Where everybody knows your name!',NULL,NULL,NULL,NULL,NULL,'0','0','0','3.37391','0','0');
INSERT IGNORE INTO `creature_movement` VALUES ('90445','58','-9004.16','831.251','105.932','0',NULL,NULL,NULL,NULL,NULL,NULL,'0','0','0','3.68807','0','0');
INSERT IGNORE INTO `creature_movement` VALUES ('90445','59','-9012.72','824.789','105.42','0',NULL,NULL,NULL,NULL,NULL,NULL,'0','0','0','3.7886','0','0');
INSERT IGNORE INTO `creature_movement` VALUES ('90445','60','-9019.22','827.557','105.572','0',NULL,NULL,NULL,NULL,NULL,NULL,'0','0','0','2.7393','0','0');
INSERT IGNORE INTO `creature_movement` VALUES ('90445','61','-9029.09','837.128','107.032','0','Best drinks in Stormwind!',NULL,NULL,NULL,NULL,NULL,'0','0','0','2.37174','0','0');
INSERT IGNORE INTO `creature_movement` VALUES ('90445','62','-9034.74','857.293','107.109','0',NULL,NULL,NULL,NULL,NULL,NULL,'0','0','0','1.84395','0','0');
INSERT IGNORE INTO `creature_movement` VALUES ('90445','63','-9035.49','869.124','110.147','0',NULL,NULL,NULL,NULL,NULL,NULL,'0','0','0','1.63346','0','0');
INSERT IGNORE INTO `creature_movement` VALUES ('90445','64','-9029.88','884.097','110.197','0',NULL,NULL,NULL,NULL,NULL,NULL,'0','0','0','1.21249','0','0');
INSERT IGNORE INTO `creature_movement` VALUES ('90477','1','-8756.84','972.561','98.7865','0',NULL,NULL,NULL,NULL,NULL,NULL,'0','0','0',NULL,NULL,NULL);
INSERT IGNORE INTO `creature_movement` VALUES ('90477','2','-8753.84','982.002','98.1024','0',NULL,NULL,NULL,NULL,NULL,NULL,'0','0','0',NULL,NULL,NULL);
INSERT IGNORE INTO `creature_movement` VALUES ('90477','3','-8744.32','993.574','97.2141','0',NULL,NULL,NULL,NULL,NULL,NULL,'0','0','0',NULL,NULL,NULL);
INSERT IGNORE INTO `creature_movement` VALUES ('90477','4','-8741.65','997.242','96.7327','0',NULL,NULL,NULL,NULL,NULL,NULL,'0','0','0',NULL,NULL,NULL);
INSERT IGNORE INTO `creature_movement` VALUES ('90477','5','-8736.16','1006.67','95.6653','0',NULL,NULL,NULL,NULL,NULL,NULL,'0','0','0',NULL,NULL,NULL);
INSERT IGNORE INTO `creature_movement` VALUES ('90477','6','-8732.54','1013.69','95.3071','0',NULL,NULL,NULL,NULL,NULL,NULL,'0','0','0',NULL,NULL,NULL);
INSERT IGNORE INTO `creature_movement` VALUES ('90477','7','-8730.45','1028.35','93.9995','0',NULL,NULL,NULL,NULL,NULL,NULL,'0','0','0',NULL,NULL,NULL);
INSERT IGNORE INTO `creature_movement` VALUES ('90477','8','-8729.6','1032.56','93.5579','0',NULL,NULL,NULL,NULL,NULL,NULL,'0','0','0',NULL,NULL,NULL);
INSERT IGNORE INTO `creature_movement` VALUES ('90477','9','-8734.82','1048.05','91.4062','0',NULL,NULL,NULL,NULL,NULL,NULL,'0','0','0',NULL,NULL,NULL);
INSERT IGNORE INTO `creature_movement` VALUES ('90477','10','-8738.25','1058.23','89.768','0',NULL,NULL,NULL,NULL,NULL,NULL,'0','0','0',NULL,NULL,NULL);
INSERT IGNORE INTO `creature_movement` VALUES ('90477','11','-8745.21','1065.53','89.8845','0',NULL,NULL,NULL,NULL,NULL,NULL,'0','0','0',NULL,NULL,NULL);
INSERT IGNORE INTO `creature_movement` VALUES ('90477','12','-8761.38','1061.86','90.7789','0',NULL,NULL,NULL,NULL,NULL,NULL,'0','0','0',NULL,NULL,NULL);
INSERT IGNORE INTO `creature_movement` VALUES ('90477','13','-8775.92','1066.53','90.7814','0',NULL,NULL,NULL,NULL,NULL,NULL,'0','0','0',NULL,NULL,NULL);
INSERT IGNORE INTO `creature_movement` VALUES ('90477','14','-8788.38','1079.55','90.6928','0',NULL,NULL,NULL,NULL,NULL,NULL,'0','0','0',NULL,NULL,NULL);
INSERT IGNORE INTO `creature_movement` VALUES ('90477','15','-8794.83','1090.96','90.4558','0',NULL,NULL,NULL,NULL,NULL,NULL,'0','0','0',NULL,NULL,NULL);
INSERT IGNORE INTO `creature_movement` VALUES ('90477','16','-8796.58','1109.54','90.6799','0',NULL,NULL,NULL,NULL,NULL,NULL,'0','0','0',NULL,NULL,NULL);
INSERT IGNORE INTO `creature_movement` VALUES ('90477','17','-8794.6','1126.23','90.7209','0',NULL,NULL,NULL,NULL,NULL,NULL,'0','0','0',NULL,NULL,NULL);
INSERT IGNORE INTO `creature_movement` VALUES ('90477','18','-8790.06','1135.35','90.7794','0',NULL,NULL,NULL,NULL,NULL,NULL,'0','0','0',NULL,NULL,NULL);
INSERT IGNORE INTO `creature_movement` VALUES ('90477','19','-8781.22','1144.03','90.7794','0',NULL,NULL,NULL,NULL,NULL,NULL,'0','0','0',NULL,NULL,NULL);
INSERT IGNORE INTO `creature_movement` VALUES ('90477','20','-8761.02','1148.73','90.7794','0',NULL,NULL,NULL,NULL,NULL,NULL,'0','0','0',NULL,NULL,NULL);
INSERT IGNORE INTO `creature_movement` VALUES ('90477','21','-8747.48','1147.88','90.2763','0',NULL,NULL,NULL,NULL,NULL,NULL,'0','0','0',NULL,NULL,NULL);
INSERT IGNORE INTO `creature_movement` VALUES ('90477','22','-8746.0','1147.37','90.2739','0',NULL,NULL,NULL,NULL,NULL,NULL,'0','0','0',NULL,NULL,NULL);
INSERT IGNORE INTO `creature_movement` VALUES ('90477','23','-8733.29','1140.57','90.2381','0',NULL,NULL,NULL,NULL,NULL,NULL,'0','0','0',NULL,NULL,NULL);
INSERT IGNORE INTO `creature_movement` VALUES ('90477','24','-8722.54','1131.25','90.7204','0',NULL,NULL,NULL,NULL,NULL,NULL,'0','0','0',NULL,NULL,NULL);
INSERT IGNORE INTO `creature_movement` VALUES ('90477','25','-8716.62','1115.2','90.7795','0',NULL,NULL,NULL,NULL,NULL,NULL,'0','0','0',NULL,NULL,NULL);
INSERT IGNORE INTO `creature_movement` VALUES ('90477','26','-8718.66','1097.44','90.3192','0',NULL,NULL,NULL,NULL,NULL,NULL,'0','0','0',NULL,NULL,NULL);
INSERT IGNORE INTO `creature_movement` VALUES ('90477','27','-8723.16','1085.44','90.7813','0',NULL,NULL,NULL,NULL,NULL,NULL,'0','0','0',NULL,NULL,NULL);
INSERT IGNORE INTO `creature_movement` VALUES ('90477','28','-8727.99','1077.14','90.7498','0',NULL,NULL,NULL,NULL,NULL,NULL,'0','0','0',NULL,NULL,NULL);
INSERT IGNORE INTO `creature_movement` VALUES ('90477','29','-8740.12','1070.97','90.3656','0',NULL,NULL,NULL,NULL,NULL,NULL,'0','0','0',NULL,NULL,NULL);
INSERT IGNORE INTO `creature_movement` VALUES ('90477','30','-8734.51','1051.57','90.9791','0',NULL,NULL,NULL,NULL,NULL,NULL,'0','0','0',NULL,NULL,NULL);
INSERT IGNORE INTO `creature_movement` VALUES ('90477','31','-8728.92','1036.28','93.2491','0',NULL,NULL,NULL,NULL,NULL,NULL,'0','0','0',NULL,NULL,NULL);
INSERT IGNORE INTO `creature_movement` VALUES ('90477','32','-8727.95','1034.02','93.513','0',NULL,NULL,NULL,NULL,NULL,NULL,'0','0','0',NULL,NULL,NULL);
INSERT IGNORE INTO `creature_movement` VALUES ('90477','33','-8724.25','1015.33','95.3704','0',NULL,NULL,NULL,NULL,NULL,NULL,'0','0','0',NULL,NULL,NULL);
INSERT IGNORE INTO `creature_movement` VALUES ('90477','34','-8723.34','1000.8','96.116','0',NULL,NULL,NULL,NULL,NULL,NULL,'0','0','0',NULL,NULL,NULL);
INSERT IGNORE INTO `creature_movement` VALUES ('90477','35','-8723.08','990.428','96.81','0',NULL,NULL,NULL,NULL,NULL,NULL,'0','0','0',NULL,NULL,NULL);
INSERT IGNORE INTO `creature_movement` VALUES ('90477','36','-8727.88','974.926','98.5836','0',NULL,NULL,NULL,NULL,NULL,NULL,'0','0','0',NULL,NULL,NULL);
INSERT IGNORE INTO `creature_movement` VALUES ('90477','37','-8728.48','973.112','98.8324','0',NULL,NULL,NULL,NULL,NULL,NULL,'0','0','0',NULL,NULL,NULL);
INSERT IGNORE INTO `creature_movement` VALUES ('90477','38','-8738.85','961.75','99.8498','0',NULL,NULL,NULL,NULL,NULL,NULL,'0','0','0',NULL,NULL,NULL);
INSERT IGNORE INTO `creature_movement` VALUES ('90477','39','-8751.67','963.154','99.457','0',NULL,NULL,NULL,NULL,NULL,NULL,'0','0','0',NULL,NULL,NULL);
INSERT IGNORE INTO `creature_movement` VALUES ('90481','1','-8761.37','1061.09','90.7745','0',NULL,NULL,NULL,NULL,NULL,NULL,'0','0','0','3.30163','0','0');
INSERT IGNORE INTO `creature_movement` VALUES ('90481','2','-8779.77','1068.92','90.7803','0',NULL,NULL,NULL,NULL,NULL,NULL,'0','0','0','2.36858','0','0');
INSERT IGNORE INTO `creature_movement` VALUES ('90481','3','-8791.31','1081.45','90.5444','0',NULL,NULL,NULL,NULL,NULL,NULL,'0','0','0','2.31517','0','0');
INSERT IGNORE INTO `creature_movement` VALUES ('90481','4','-8797.06','1099.97','90.7805','0',NULL,NULL,NULL,NULL,NULL,NULL,'0','0','0','1.53291','0','0');
INSERT IGNORE INTO `creature_movement` VALUES ('90481','5','-8790.39','1133.75','90.7809','0',NULL,NULL,NULL,NULL,NULL,NULL,'0','0','0','1.37583','0','0');
INSERT IGNORE INTO `creature_movement` VALUES ('90481','6','-8780.95','1133.62','91.4299','0',NULL,NULL,NULL,NULL,NULL,NULL,'0','0','0','5.7238','0','0');
INSERT IGNORE INTO `creature_movement` VALUES ('90481','7','-8773.88','1129.71','92.514','0',NULL,NULL,NULL,NULL,NULL,NULL,'0','0','0','5.7772','0','0');
INSERT IGNORE INTO `creature_movement` VALUES ('90481','8','-8751.17','1132.87','92.5303','0',NULL,NULL,NULL,NULL,NULL,NULL,'0','0','0','5.73322','0','0');
INSERT IGNORE INTO `creature_movement` VALUES ('90481','9','-8734.91','1118.89','92.5322','0',NULL,NULL,NULL,NULL,NULL,NULL,'0','0','0','5.573','0','0');
INSERT IGNORE INTO `creature_movement` VALUES ('90481','10','-8735.08','1089.25','92.5226','500',NULL,NULL,NULL,NULL,NULL,NULL,'0','0','0','5.14574','0','0');
INSERT IGNORE INTO `creature_movement` VALUES ('90481','11','-8729.51','1078.65','90.7805','2000',NULL,NULL,NULL,NULL,NULL,NULL,'0','0','0','5.19601','0','0');
INSERT IGNORE INTO `creature_movement` VALUES ('90481','12','-8725.65','1081.69','90.7806','1000',NULL,NULL,NULL,NULL,NULL,NULL,'0','0','0','1.22189','0','0');
INSERT IGNORE INTO `creature_movement` VALUES ('90481','13','-8718.23','1102.08','90.3305','0',NULL,NULL,NULL,NULL,NULL,NULL,'0','0','0','1.22189','0','0');
INSERT IGNORE INTO `creature_movement` VALUES ('90481','14','-8721.48','1127.58','90.7797','0',NULL,NULL,NULL,NULL,NULL,NULL,'0','0','0','2.38743','0','0');
INSERT IGNORE INTO `creature_movement` VALUES ('90481','15','-8751.3','1143.5','90.3695','1000',NULL,NULL,NULL,NULL,NULL,NULL,'0','0','0','2.65132','0','0');
INSERT IGNORE INTO `creature_movement` VALUES ('90481','16','-8778.54','1143.47','90.7808','1000',NULL,NULL,NULL,NULL,NULL,NULL,'0','0','0','3.86398','0','0');
INSERT IGNORE INTO `creature_movement` VALUES ('90481','17','-8791.24','1128.12','90.7808','1000',NULL,NULL,NULL,NULL,NULL,NULL,'0','0','0','4.02106','0','0');
INSERT IGNORE INTO `creature_movement` VALUES ('90481','18','-8795.24','1097.78','90.7814','1000',NULL,NULL,NULL,NULL,NULL,NULL,'0','0','0','5.17716','0','0');
INSERT IGNORE INTO `creature_movement` VALUES ('90481','19','-8779.99','1072.65','90.7812','1000',NULL,NULL,NULL,NULL,NULL,NULL,'0','0','0','5.25806','0','0');
INSERT IGNORE INTO `creature_movement` VALUES ('90481','20','-8764.08','1065.76','90.7812','0',NULL,NULL,NULL,NULL,NULL,NULL,'0','0','0','6.20368','0','0');
INSERT IGNORE INTO `creature_movement` VALUES ('90482','1','-8761.27','1062.22','90.7778','500',NULL,NULL,NULL,NULL,NULL,NULL,'0','0','0','3.04402','0','0');
INSERT IGNORE INTO `creature_movement` VALUES ('90482','2','-8778.38','1070.87','90.7803','500',NULL,NULL,NULL,NULL,NULL,NULL,'0','0','0','2.67331','0','0');
INSERT IGNORE INTO `creature_movement` VALUES ('90482','3','-8789.21','1082.85','90.5537','750',NULL,NULL,NULL,NULL,NULL,NULL,'0','0','0','2.16437','0','0');
INSERT IGNORE INTO `creature_movement` VALUES ('90482','4','-8794.05','1099.71','90.7805','750',NULL,NULL,NULL,NULL,NULL,NULL,'0','0','0','1.85021','0','0');
INSERT IGNORE INTO `creature_movement` VALUES ('90482','5','-8787.64','1132.91','90.7809','2000',NULL,NULL,NULL,NULL,NULL,NULL,'0','0','0','0.332823','0','0');
INSERT IGNORE INTO `creature_movement` VALUES ('90482','6','-8783.06','1132.02','91.2157','0',NULL,NULL,NULL,NULL,NULL,NULL,'0','0','0','6.09136','0','0');
INSERT IGNORE INTO `creature_movement` VALUES ('90482','7','-8773.38','1126.85','92.525','0',NULL,NULL,NULL,NULL,NULL,NULL,'0','0','0','6.25158','0','0');
INSERT IGNORE INTO `creature_movement` VALUES ('90482','8','-8753.1','1130.37','92.5448','500',NULL,NULL,NULL,NULL,NULL,NULL,'0','0','0','0.178885','0','0');
INSERT IGNORE INTO `creature_movement` VALUES ('90482','9','-8736.74','1118.04','92.5401','1500',NULL,NULL,NULL,NULL,NULL,NULL,'0','0','0','4.68079','0','0');
INSERT IGNORE INTO `creature_movement` VALUES ('90482','10','-8737.67','1088.66','92.5282','0',NULL,NULL,NULL,NULL,NULL,NULL,'0','0','0','5.04835','0','0');
INSERT IGNORE INTO `creature_movement` VALUES ('90482','11','-8730.16','1075.13','90.7322','0',NULL,NULL,NULL,NULL,NULL,NULL,'0','0','0','0.797779','0','0');
INSERT IGNORE INTO `creature_movement` VALUES ('90482','12','-8725.81','1077.14','90.7802','0',NULL,NULL,NULL,NULL,NULL,NULL,'0','0','0','0.433354','0','0');
INSERT IGNORE INTO `creature_movement` VALUES ('90482','13','-8715.35','1101.82','90.3253','0',NULL,NULL,NULL,NULL,NULL,NULL,'0','0','0','1.65229','0','0');
INSERT IGNORE INTO `creature_movement` VALUES ('90482','14','-8717.51','1128.35','90.7797','0',NULL,NULL,NULL,NULL,NULL,NULL,'0','0','0','1.65229','0','0');
INSERT IGNORE INTO `creature_movement` VALUES ('90482','15','-8751.02','1147.41','90.3588','0',NULL,NULL,NULL,NULL,NULL,NULL,'0','0','0','3.23566','0','0');
INSERT IGNORE INTO `creature_movement` VALUES ('90482','16','-8778.51','1146.38','90.7808','0',NULL,NULL,NULL,NULL,NULL,NULL,'0','0','0','3.17911','0','0');
INSERT IGNORE INTO `creature_movement` VALUES ('90482','17','-8795.87','1127.45','90.7566','0',NULL,NULL,NULL,NULL,NULL,NULL,'0','0','0','4.59597','0','0');
INSERT IGNORE INTO `creature_movement` VALUES ('90482','18','-8799.38','1097.38','90.7814','0',NULL,NULL,NULL,NULL,NULL,NULL,'0','0','0','4.59597','0','0');
INSERT IGNORE INTO `creature_movement` VALUES ('90482','19','-8783.24','1067.4','90.7812','0',NULL,NULL,NULL,NULL,NULL,NULL,'0','0','0','6.10001','0','0');
INSERT IGNORE INTO `creature_movement` VALUES ('90482','20','-8764.99','1061.95','90.7812','1000',NULL,NULL,NULL,NULL,NULL,NULL,'0','0','0','5.99319','0','0');
INSERT IGNORE INTO `creature_movement` VALUES ('90484','1','-8752.66','984.545','97.9592','0',NULL,NULL,NULL,NULL,NULL,NULL,'0','0','0','0.0','0','0');
INSERT IGNORE INTO `creature_movement` VALUES ('90484','2','-8741.39','994.762','96.8694','0',NULL,NULL,NULL,NULL,NULL,NULL,'0','0','0','0.0','0','0');
INSERT IGNORE INTO `creature_movement` VALUES ('90484','3','-8735.94','1002.67','95.9023','0',NULL,NULL,NULL,NULL,NULL,NULL,'0','0','0','0.0','0','0');
INSERT IGNORE INTO `creature_movement` VALUES ('90484','4','-8734.92','1018.28','95.0921','0',NULL,NULL,NULL,NULL,NULL,NULL,'0','0','0','0.0','0','0');
INSERT IGNORE INTO `creature_movement` VALUES ('90484','5','-8735.41','1033.45','93.4452','0',NULL,NULL,NULL,NULL,NULL,NULL,'0','0','0','0.0','0','0');
INSERT IGNORE INTO `creature_movement` VALUES ('90484','6','-8738.38','1050.45','91.037','0',NULL,NULL,NULL,NULL,NULL,NULL,'0','0','0','0.0','0','0');
INSERT IGNORE INTO `creature_movement` VALUES ('90484','7','-8739.43','1058.0','89.8137','0',NULL,NULL,NULL,NULL,NULL,NULL,'0','0','0','0.0','0','0');
INSERT IGNORE INTO `creature_movement` VALUES ('90484','8','-8744.14','1061.82','89.9325','0',NULL,NULL,NULL,NULL,NULL,NULL,'0','0','0','0.0','0','0');
INSERT IGNORE INTO `creature_movement` VALUES ('90484','9','-8764.37','1064.67','90.7808','0',NULL,NULL,NULL,NULL,NULL,NULL,'0','0','0','0.0','0','0');
INSERT IGNORE INTO `creature_movement` VALUES ('90484','10','-8781.69','1076.98','90.7808','0',NULL,NULL,NULL,NULL,NULL,NULL,'0','0','0','0.0','0','0');
INSERT IGNORE INTO `creature_movement` VALUES ('90484','11','-8796.28','1092.95','90.646','0',NULL,NULL,NULL,NULL,NULL,NULL,'0','0','0','0.0','0','0');
INSERT IGNORE INTO `creature_movement` VALUES ('90484','12','-8795.5','1119.57','90.3842','0',NULL,NULL,NULL,NULL,NULL,NULL,'0','0','0','0.0','0','0');
INSERT IGNORE INTO `creature_movement` VALUES ('90484','13','-8793.8','1130.77','90.7814','0',NULL,NULL,NULL,NULL,NULL,NULL,'0','0','0','0.0','0','0');
INSERT IGNORE INTO `creature_movement` VALUES ('90484','14','-8782.68','1143.68','90.7814','0',NULL,NULL,NULL,NULL,NULL,NULL,'0','0','0','0.0','0','0');
INSERT IGNORE INTO `creature_movement` VALUES ('90484','15','-8759.2','1146.64','90.6507','0',NULL,NULL,NULL,NULL,NULL,NULL,'0','0','0','0.0','0','0');
INSERT IGNORE INTO `creature_movement` VALUES ('90484','16','-8748.11','1147.71','90.283','0',NULL,NULL,NULL,NULL,NULL,NULL,'0','0','0','0.0','0','0');
INSERT IGNORE INTO `creature_movement` VALUES ('90484','17','-8733.45','1142.43','90.2928','0',NULL,NULL,NULL,NULL,NULL,NULL,'0','0','0','0.0','0','0');
INSERT IGNORE INTO `creature_movement` VALUES ('90484','18','-8721.39','1127.38','90.781','0',NULL,NULL,NULL,NULL,NULL,NULL,'0','0','0','0.0','0','0');
INSERT IGNORE INTO `creature_movement` VALUES ('90484','19','-8718.16','1123.04','90.781','0',NULL,NULL,NULL,NULL,NULL,NULL,'0','0','0','0.0','0','0');
INSERT IGNORE INTO `creature_movement` VALUES ('90484','20','-8718.36','1096.83','90.3401','0',NULL,NULL,NULL,NULL,NULL,NULL,'0','0','0','0.0','0','0');
INSERT IGNORE INTO `creature_movement` VALUES ('90484','21','-8724.41','1080.53','90.7809','0',NULL,NULL,NULL,NULL,NULL,NULL,'0','0','0','0.0','0','0');
INSERT IGNORE INTO `creature_movement` VALUES ('90484','22','-8736.32','1072.91','90.6311','0',NULL,NULL,NULL,NULL,NULL,NULL,'0','0','0','0.0','0','0');
INSERT IGNORE INTO `creature_movement` VALUES ('90484','23','-8738.35','1069.65','90.4106','0',NULL,NULL,NULL,NULL,NULL,NULL,'0','0','0','0.0','0','0');
INSERT IGNORE INTO `creature_movement` VALUES ('90484','24','-8732.65','1047.36','91.7603','0',NULL,NULL,NULL,NULL,NULL,NULL,'0','0','0','0.0','0','0');
INSERT IGNORE INTO `creature_movement` VALUES ('90484','25','-8729.49','1031.0','93.7148','0',NULL,NULL,NULL,NULL,NULL,NULL,'0','0','0','0.0','0','0');
INSERT IGNORE INTO `creature_movement` VALUES ('90484','26','-8730.01','1006.36','95.6048','0',NULL,NULL,NULL,NULL,NULL,NULL,'0','0','0','0.0','0','0');
INSERT IGNORE INTO `creature_movement` VALUES ('90484','27','-8731.84','984.735','97.133','0',NULL,NULL,NULL,NULL,NULL,NULL,'0','0','0','0.0','0','0');
INSERT IGNORE INTO `creature_movement` VALUES ('90484','28','-8734.47','966.148','99.5561','0',NULL,NULL,NULL,NULL,NULL,NULL,'0','0','0','0.0','0','0');
INSERT IGNORE INTO `creature_movement` VALUES ('90484','29','-8736.23','951.668','100.628','0',NULL,NULL,NULL,NULL,NULL,NULL,'0','0','0','0.0','0','0');
INSERT IGNORE INTO `creature_movement` VALUES ('90484','30','-8736.05','948.698','101.213','0',NULL,NULL,NULL,NULL,NULL,NULL,'0','0','0','0.0','0','0');
INSERT IGNORE INTO `creature_movement` VALUES ('90484','31','-8733.74','942.348','100.997','0',NULL,NULL,NULL,NULL,NULL,NULL,'0','0','0','0.0','0','0');
INSERT IGNORE INTO `creature_movement` VALUES ('90484','32','-8722.11','928.124','100.604','0',NULL,NULL,NULL,NULL,NULL,NULL,'0','0','0','0.0','0','0');
INSERT IGNORE INTO `creature_movement` VALUES ('90484','33','-8711.81','915.672','101.242','0',NULL,NULL,NULL,NULL,NULL,NULL,'0','0','0','0.0','0','0');
INSERT IGNORE INTO `creature_movement` VALUES ('90484','34','-8713.02','910.961','101.242','0',NULL,NULL,NULL,NULL,NULL,NULL,'0','0','0','0.0','0','0');
INSERT IGNORE INTO `creature_movement` VALUES ('90484','35','-8726.69','898.931','100.955','0',NULL,NULL,NULL,NULL,NULL,NULL,'0','0','0','0.0','0','0');
INSERT IGNORE INTO `creature_movement` VALUES ('90484','36','-8731.16','894.29','100.941','0',NULL,NULL,NULL,NULL,NULL,NULL,'0','0','0','0.0','0','0');
INSERT IGNORE INTO `creature_movement` VALUES ('90484','37','-8731.53','892.29','100.953','0',NULL,NULL,NULL,NULL,NULL,NULL,'0','0','0','0.0','0','0');
INSERT IGNORE INTO `creature_movement` VALUES ('90484','38','-8733.16','890.305','101.255','0',NULL,NULL,NULL,NULL,NULL,NULL,'0','0','0','0.0','0','0');
INSERT IGNORE INTO `creature_movement` VALUES ('90484','39','-8722.26','874.55','102.56','0',NULL,NULL,NULL,NULL,NULL,NULL,'0','0','0','0.0','0','0');
INSERT IGNORE INTO `creature_movement` VALUES ('90484','40','-8714.84','864.825','99.1745','0',NULL,NULL,NULL,NULL,NULL,NULL,'0','0','0','0.0','0','0');
INSERT IGNORE INTO `creature_movement` VALUES ('90484','41','-8712.04','860.936','97.1936','0',NULL,NULL,NULL,NULL,NULL,NULL,'0','0','0','0.0','0','0');
INSERT IGNORE INTO `creature_movement` VALUES ('90484','42','-8712.65','853.186','96.8489','0',NULL,NULL,NULL,NULL,NULL,NULL,'0','0','0','0.0','0','0');
INSERT IGNORE INTO `creature_movement` VALUES ('90484','43','-8723.92','837.795','96.1088','0',NULL,NULL,NULL,NULL,NULL,NULL,'0','0','0','0.0','0','0');
INSERT IGNORE INTO `creature_movement` VALUES ('90484','44','-8726.78','822.629','97.0434','0',NULL,NULL,NULL,NULL,NULL,NULL,'0','0','0','0.0','0','0');
INSERT IGNORE INTO `creature_movement` VALUES ('90484','45','-8725.51','812.533','97.196','0',NULL,NULL,NULL,NULL,NULL,NULL,'0','0','0','0.0','0','0');
INSERT IGNORE INTO `creature_movement` VALUES ('90484','46','-8722.28','807.421','97.3622','0',NULL,NULL,NULL,NULL,NULL,NULL,'0','0','0','0.0','0','0');
INSERT IGNORE INTO `creature_movement` VALUES ('90484','47','-8719.1','796.541','96.8798','0',NULL,NULL,NULL,NULL,NULL,NULL,'0','0','0','0.0','0','0');
INSERT IGNORE INTO `creature_movement` VALUES ('90484','48','-8717.45','793.3','97.1047','0',NULL,NULL,NULL,NULL,NULL,NULL,'0','0','0','0.0','0','0');
INSERT IGNORE INTO `creature_movement` VALUES ('90484','49','-8723.07','780.668','97.999','0',NULL,NULL,NULL,NULL,NULL,NULL,'0','0','0','0.0','0','0');
INSERT IGNORE INTO `creature_movement` VALUES ('90484','50','-8729.75','771.322','98.1082','0',NULL,NULL,NULL,NULL,NULL,NULL,'0','0','0','0.0','0','0');
INSERT IGNORE INTO `creature_movement` VALUES ('90484','51','-8731.22','765.42','98.1702','0',NULL,NULL,NULL,NULL,NULL,NULL,'0','0','0','0.0','0','0');
INSERT IGNORE INTO `creature_movement` VALUES ('90484','52','-8728.49','758.726','98.34','0',NULL,NULL,NULL,NULL,NULL,NULL,'0','0','0','0.0','0','0');
INSERT IGNORE INTO `creature_movement` VALUES ('90484','53','-8725.47','753.257','98.2665','0',NULL,NULL,NULL,NULL,NULL,NULL,'0','0','0','0.0','0','0');
INSERT IGNORE INTO `creature_movement` VALUES ('90484','54','-8715.86','738.79','97.79','0',NULL,NULL,NULL,NULL,NULL,NULL,'0','0','0','0.0','0','0');
INSERT IGNORE INTO `creature_movement` VALUES ('90484','55','-8716.25','735.017','97.7824','0',NULL,NULL,NULL,NULL,NULL,NULL,'0','0','0','0.0','0','0');
INSERT IGNORE INTO `creature_movement` VALUES ('90484','56','-8718.47','733.406','97.9903','0',NULL,NULL,NULL,NULL,NULL,NULL,'0','0','0','0.0','0','0');
INSERT IGNORE INTO `creature_movement` VALUES ('90484','57','-8731.62','723.097','101.605','0',NULL,NULL,NULL,NULL,NULL,NULL,'0','0','0','0.0','0','0');
INSERT IGNORE INTO `creature_movement` VALUES ('90484','58','-8741.27','712.251','98.4702','0',NULL,NULL,NULL,NULL,NULL,NULL,'0','0','0','0.0','0','0');
INSERT IGNORE INTO `creature_movement` VALUES ('90484','59','-8742.84','707.874','98.393','0',NULL,NULL,NULL,NULL,NULL,NULL,'0','0','0','0.0','0','0');
INSERT IGNORE INTO `creature_movement` VALUES ('90484','60','-8738.05','701.506','98.7012','0',NULL,NULL,NULL,NULL,NULL,NULL,'0','0','0','0.0','0','0');
INSERT IGNORE INTO `creature_movement` VALUES ('90484','61','-8739.0','697.369','98.7841','0',NULL,NULL,NULL,NULL,NULL,NULL,'0','0','0','0.0','0','0');
INSERT IGNORE INTO `creature_movement` VALUES ('90484','62','-8753.69','686.618','100.644','0',NULL,NULL,NULL,NULL,NULL,NULL,'0','0','0','0.0','0','0');
INSERT IGNORE INTO `creature_movement` VALUES ('90484','63','-8772.58','672.079','103.093','0',NULL,NULL,NULL,NULL,NULL,NULL,'0','0','0','0.0','0','0');
INSERT IGNORE INTO `creature_movement` VALUES ('90484','64','-8777.85','672.04','103.092','0',NULL,NULL,NULL,NULL,NULL,NULL,'0','0','0','0.0','0','0');
INSERT IGNORE INTO `creature_movement` VALUES ('90484','65','-8789.29','682.222','101.893','0',NULL,NULL,NULL,NULL,NULL,NULL,'0','0','0','0.0','0','0');
INSERT IGNORE INTO `creature_movement` VALUES ('90484','66','-8800.48','685.032','101.255','0',NULL,NULL,NULL,NULL,NULL,NULL,'0','0','0','0.0','0','0');
INSERT IGNORE INTO `creature_movement` VALUES ('90484','67','-8803.89','684.971','101.019','0',NULL,NULL,NULL,NULL,NULL,NULL,'0','0','0','0.0','0','0');
INSERT IGNORE INTO `creature_movement` VALUES ('90484','68','-8814.67','680.516','98.4312','0',NULL,NULL,NULL,NULL,NULL,NULL,'0','0','0','0.0','0','0');
INSERT IGNORE INTO `creature_movement` VALUES ('90484','69','-8828.85','674.835','98.0281','0',NULL,NULL,NULL,NULL,NULL,NULL,'0','0','0','0.0','0','0');
INSERT IGNORE INTO `creature_movement` VALUES ('90484','70','-8832.67','673.658','98.3603','0',NULL,NULL,NULL,NULL,NULL,NULL,'0','0','0','0.0','0','0');
INSERT IGNORE INTO `creature_movement` VALUES ('90484','71','-8843.96','665.828','97.7207','0',NULL,NULL,NULL,NULL,NULL,NULL,'0','0','0','0.0','0','0');
INSERT IGNORE INTO `creature_movement` VALUES ('90484','72','-8861.87','654.479','96.1739','0',NULL,NULL,NULL,NULL,NULL,NULL,'0','0','0','0.0','0','0');
INSERT IGNORE INTO `creature_movement` VALUES ('90484','73','-8863.6','653.176','96.1918','0',NULL,NULL,NULL,NULL,NULL,NULL,'0','0','0','0.0','0','0');
INSERT IGNORE INTO `creature_movement` VALUES ('90484','74','-8876.29','645.259','96.0484','0',NULL,NULL,NULL,NULL,NULL,NULL,'0','0','0','0.0','0','0');
INSERT IGNORE INTO `creature_movement` VALUES ('90484','75','-8884.67','640.289','99.5229','0',NULL,NULL,NULL,NULL,NULL,NULL,'0','0','0','0.0','0','0');
INSERT IGNORE INTO `creature_movement` VALUES ('90484','76','-8909.08','626.428','99.5229','0',NULL,NULL,NULL,NULL,NULL,NULL,'0','0','0','0.0','0','0');
INSERT IGNORE INTO `creature_movement` VALUES ('90484','77','-8915.58','613.485','99.5229','0',NULL,NULL,NULL,NULL,NULL,NULL,'0','0','0','0.0','0','0');
INSERT IGNORE INTO `creature_movement` VALUES ('90484','78','-8922.34','609.779','99.5229','0',NULL,NULL,NULL,NULL,NULL,NULL,'0','0','0','0.0','0','0');
INSERT IGNORE INTO `creature_movement` VALUES ('90484','79','-8925.15','610.6','99.5229','0',NULL,NULL,NULL,NULL,NULL,NULL,'0','0','0','0.0','0','0');
INSERT IGNORE INTO `creature_movement` VALUES ('90484','80','-8931.44','623.484','99.5229','0',NULL,NULL,NULL,NULL,NULL,NULL,'0','0','0','0.0','0','0');
INSERT IGNORE INTO `creature_movement` VALUES ('90484','81','-8930.31','626.043','99.5229','0',NULL,NULL,NULL,NULL,NULL,NULL,'0','0','0','0.0','0','0');
INSERT IGNORE INTO `creature_movement` VALUES ('90484','82','-8922.09','630.428','99.5229','0',NULL,NULL,NULL,NULL,NULL,NULL,'0','0','0','0.0','0','0');
INSERT IGNORE INTO `creature_movement` VALUES ('90484','83','-8911.54','628.216','99.5229','0',NULL,NULL,NULL,NULL,NULL,NULL,'0','0','0','0.0','0','0');
INSERT IGNORE INTO `creature_movement` VALUES ('90484','84','-8906.33','629.206','99.5229','0',NULL,NULL,NULL,NULL,NULL,NULL,'0','0','0','0.0','0','0');
INSERT IGNORE INTO `creature_movement` VALUES ('90484','85','-8884.75','640.649','99.5229','0',NULL,NULL,NULL,NULL,NULL,NULL,'0','0','0','0.0','0','0');
INSERT IGNORE INTO `creature_movement` VALUES ('90484','86','-8876.55','645.336','96.0472','0',NULL,NULL,NULL,NULL,NULL,NULL,'0','0','0','0.0','0','0');
INSERT IGNORE INTO `creature_movement` VALUES ('90484','87','-8862.74','654.11','96.154','0',NULL,NULL,NULL,NULL,NULL,NULL,'0','0','0','0.0','0','0');
INSERT IGNORE INTO `creature_movement` VALUES ('90484','88','-8859.25','656.362','96.4114','0',NULL,NULL,NULL,NULL,NULL,NULL,'0','0','0','0.0','0','0');
INSERT IGNORE INTO `creature_movement` VALUES ('90484','89','-8840.98','668.03','97.9319','0',NULL,NULL,NULL,NULL,NULL,NULL,'0','0','0','0.0','0','0');
INSERT IGNORE INTO `creature_movement` VALUES ('90484','90','-8826.73','677.326','97.5878','0',NULL,NULL,NULL,NULL,NULL,NULL,'0','0','0','0.0','0','0');
INSERT IGNORE INTO `creature_movement` VALUES ('90484','91','-8826.34','681.855','97.201','0',NULL,NULL,NULL,NULL,NULL,NULL,'0','0','0','0.0','0','0');
INSERT IGNORE INTO `creature_movement` VALUES ('90484','92','-8837.21','704.971','97.632','0',NULL,NULL,NULL,NULL,NULL,NULL,'0','0','0','0.0','0','0');
INSERT IGNORE INTO `creature_movement` VALUES ('90484','93','-8847.26','725.738','97.3801','0',NULL,NULL,NULL,NULL,NULL,NULL,'0','0','0','0.0','0','0');
INSERT IGNORE INTO `creature_movement` VALUES ('90484','94','-8856.08','741.043','100.663','0',NULL,NULL,NULL,NULL,NULL,NULL,'0','0','0','0.0','0','0');
INSERT IGNORE INTO `creature_movement` VALUES ('90484','95','-8868.77','758.386','97.0724','0',NULL,NULL,NULL,NULL,NULL,NULL,'0','0','0','0.0','0','0');
INSERT IGNORE INTO `creature_movement` VALUES ('90484','96','-8873.33','758.832','96.5812','0',NULL,NULL,NULL,NULL,NULL,NULL,'0','0','0','0.0','0','0');
INSERT IGNORE INTO `creature_movement` VALUES ('90484','97','-8880.38','757.032','96.2358','0',NULL,NULL,NULL,NULL,NULL,NULL,'0','0','0','0.0','0','0');
INSERT IGNORE INTO `creature_movement` VALUES ('90484','98','-8892.16','770.727','91.9108','0',NULL,NULL,NULL,NULL,NULL,NULL,'0','0','0','0.0','0','0');
INSERT IGNORE INTO `creature_movement` VALUES ('90484','99','-8907.75','787.893','87.8027','0',NULL,NULL,NULL,NULL,NULL,NULL,'0','0','0','0.0','0','0');
INSERT IGNORE INTO `creature_movement` VALUES ('90484','100','-8911.58','788.195','87.4645','0',NULL,NULL,NULL,NULL,NULL,NULL,'0','0','0','0.0','0','0');
INSERT IGNORE INTO `creature_movement` VALUES ('90484','101','-8925.0','778.242','86.9647','0',NULL,NULL,NULL,NULL,NULL,NULL,'0','0','0','0.0','0','0');
INSERT IGNORE INTO `creature_movement` VALUES ('90484','102','-8928.81','775.136','87.6686','0',NULL,NULL,NULL,NULL,NULL,NULL,'0','0','0','0.0','0','0');
INSERT IGNORE INTO `creature_movement` VALUES ('90484','103','-8939.66','771.76','89.3731','0',NULL,NULL,NULL,NULL,NULL,NULL,'0','0','0','0.0','0','0');
INSERT IGNORE INTO `creature_movement` VALUES ('90484','104','-8959.08','771.125','93.4158','0',NULL,NULL,NULL,NULL,NULL,NULL,'0','0','0','0.0','0','0');
INSERT IGNORE INTO `creature_movement` VALUES ('90484','105','-8969.33','773.157','95.4143','0',NULL,NULL,NULL,NULL,NULL,NULL,'0','0','0','0.0','0','0');
INSERT IGNORE INTO `creature_movement` VALUES ('90484','106','-8978.0','783.066','97.5538','0',NULL,NULL,NULL,NULL,NULL,NULL,'0','0','0','0.0','0','0');
INSERT IGNORE INTO `creature_movement` VALUES ('90484','107','-8986.02','792.747','100.339','0',NULL,NULL,NULL,NULL,NULL,NULL,'0','0','0','0.0','0','0');
INSERT IGNORE INTO `creature_movement` VALUES ('90484','108','-8989.83','800.143','102.17','0',NULL,NULL,NULL,NULL,NULL,NULL,'0','0','0','0.0','0','0');
INSERT IGNORE INTO `creature_movement` VALUES ('90484','109','-8991.39','807.901','103.547','0',NULL,NULL,NULL,NULL,NULL,NULL,'0','0','0','0.0','0','0');
INSERT IGNORE INTO `creature_movement` VALUES ('90484','110','-8993.89','818.318','104.254','0',NULL,NULL,NULL,NULL,NULL,NULL,'0','0','0','0.0','0','0');
INSERT IGNORE INTO `creature_movement` VALUES ('90484','111','-8992.97','826.962','105.109','0',NULL,NULL,NULL,NULL,NULL,NULL,'0','0','0','0.0','0','0');
INSERT IGNORE INTO `creature_movement` VALUES ('90484','112','-8987.45','839.104','105.854','0',NULL,NULL,NULL,NULL,NULL,NULL,'0','0','0','0.0','0','0');
INSERT IGNORE INTO `creature_movement` VALUES ('90484','113','-8980.92','845.208','105.658','0',NULL,NULL,NULL,NULL,NULL,NULL,'0','0','0','0.0','0','0');
INSERT IGNORE INTO `creature_movement` VALUES ('90484','114','-8976.3','854.542','105.773','0',NULL,NULL,NULL,NULL,NULL,NULL,'0','0','0','0.0','0','0');
INSERT IGNORE INTO `creature_movement` VALUES ('90484','115','-8975.9','871.206','106.6','0',NULL,NULL,NULL,NULL,NULL,NULL,'0','0','0','0.0','0','0');
INSERT IGNORE INTO `creature_movement` VALUES ('90484','116','-8975.74','875.915','106.551','0',NULL,NULL,NULL,NULL,NULL,NULL,'0','0','0','0.0','0','0');
INSERT IGNORE INTO `creature_movement` VALUES ('90484','117','-8976.43','878.859','106.52','0',NULL,NULL,NULL,NULL,NULL,NULL,'0','0','0','0.0','0','0');
INSERT IGNORE INTO `creature_movement` VALUES ('90484','118','-8982.03','885.628','105.995','0',NULL,NULL,NULL,NULL,NULL,NULL,'0','0','0','0.0','0','0');
INSERT IGNORE INTO `creature_movement` VALUES ('90484','119','-8996.18','896.015','105.551','0',NULL,NULL,NULL,NULL,NULL,NULL,'0','0','0','0.0','0','0');
INSERT IGNORE INTO `creature_movement` VALUES ('90484','120','-9002.88','900.855','105.684','0',NULL,NULL,NULL,NULL,NULL,NULL,'0','0','0','0.0','0','0');
INSERT IGNORE INTO `creature_movement` VALUES ('90484','121','-9005.25','902.889','105.787','0',NULL,NULL,NULL,NULL,NULL,NULL,'0','0','0','0.0','0','0');
INSERT IGNORE INTO `creature_movement` VALUES ('90484','122','-9006.36','904.831','105.882','0',NULL,NULL,NULL,NULL,NULL,NULL,'0','0','0','0.0','0','0');
INSERT IGNORE INTO `creature_movement` VALUES ('90484','123','-9012.44','916.341','106.774','0',NULL,NULL,NULL,NULL,NULL,NULL,'0','0','0','0.0','0','0');
INSERT IGNORE INTO `creature_movement` VALUES ('90484','124','-9015.42','922.377','107.489','0',NULL,NULL,NULL,NULL,NULL,NULL,'0','0','0','0.0','0','0');
INSERT IGNORE INTO `creature_movement` VALUES ('90484','125','-9015.66','923.016','107.565','0',NULL,NULL,NULL,NULL,NULL,NULL,'0','0','0','0.0','0','0');
INSERT IGNORE INTO `creature_movement` VALUES ('90484','126','-9015.98','929.011','108.029','0',NULL,NULL,NULL,NULL,NULL,NULL,'0','0','0','0.0','0','0');
INSERT IGNORE INTO `creature_movement` VALUES ('90484','127','-9011.35','939.118','108.609','0',NULL,NULL,NULL,NULL,NULL,NULL,'0','0','0','0.0','0','0');
INSERT IGNORE INTO `creature_movement` VALUES ('90484','128','-9008.41','946.848','109.219','0',NULL,NULL,NULL,NULL,NULL,NULL,'0','0','0','0.0','0','0');
INSERT IGNORE INTO `creature_movement` VALUES ('90484','129','-9005.01','954.455','110.461','0',NULL,NULL,NULL,NULL,NULL,NULL,'0','0','0','0.0','0','0');
INSERT IGNORE INTO `creature_movement` VALUES ('90484','130','-9000.24','957.895','112.081','0',NULL,NULL,NULL,NULL,NULL,NULL,'0','0','0','0.0','0','0');
INSERT IGNORE INTO `creature_movement` VALUES ('90484','131','-8989.1','960.324','114.91','0',NULL,NULL,NULL,NULL,NULL,NULL,'0','0','0','0.0','0','0');
INSERT IGNORE INTO `creature_movement` VALUES ('90484','132','-8987.79','960.543','115.216','0',NULL,NULL,NULL,NULL,NULL,NULL,'0','0','0','0.0','0','0');
INSERT IGNORE INTO `creature_movement` VALUES ('90484','133','-8969.93','957.625','117.294','0',NULL,NULL,NULL,NULL,NULL,NULL,'0','0','0','0.0','0','0');
INSERT IGNORE INTO `creature_movement` VALUES ('90484','134','-8953.65','955.594','117.131','0',NULL,NULL,NULL,NULL,NULL,NULL,'0','0','0','0.0','0','0');
INSERT IGNORE INTO `creature_movement` VALUES ('90484','135','-8941.27','952.394','117.037','0',NULL,NULL,NULL,NULL,NULL,NULL,'0','0','0','0.0','0','0');
INSERT IGNORE INTO `creature_movement` VALUES ('90484','136','-8926.27','948.566','117.308','0',NULL,NULL,NULL,NULL,NULL,NULL,'0','0','0','0.0','0','0');
INSERT IGNORE INTO `creature_movement` VALUES ('90484','137','-8919.61','947.154','117.345','0',NULL,NULL,NULL,NULL,NULL,NULL,'0','0','0','0.0','0','0');
INSERT IGNORE INTO `creature_movement` VALUES ('90484','138','-8916.01','943.689','117.194','0',NULL,NULL,NULL,NULL,NULL,NULL,'0','0','0','0.0','0','0');
INSERT IGNORE INTO `creature_movement` VALUES ('90484','139','-8905.64','928.064','115.333','0',NULL,NULL,NULL,NULL,NULL,NULL,'0','0','0','0.0','0','0');
INSERT IGNORE INTO `creature_movement` VALUES ('90484','140','-8896.08','914.55','111.052','0',NULL,NULL,NULL,NULL,NULL,NULL,'0','0','0','0.0','0','0');
INSERT IGNORE INTO `creature_movement` VALUES ('90484','141','-8891.88','913.601','110.72','0',NULL,NULL,NULL,NULL,NULL,NULL,'0','0','0','0.0','0','0');
INSERT IGNORE INTO `creature_movement` VALUES ('90484','142','-8873.43','923.229','106.597','0',NULL,NULL,NULL,NULL,NULL,NULL,'0','0','0','0.0','0','0');
INSERT IGNORE INTO `creature_movement` VALUES ('90484','143','-8854.93','932.134','101.942','0',NULL,NULL,NULL,NULL,NULL,NULL,'0','0','0','0.0','0','0');
INSERT IGNORE INTO `creature_movement` VALUES ('90484','144','-8848.92','931.486','102.441','0',NULL,NULL,NULL,NULL,NULL,NULL,'0','0','0','0.0','0','0');
INSERT IGNORE INTO `creature_movement` VALUES ('90484','145','-8835.17','940.071','105.218','0',NULL,NULL,NULL,NULL,NULL,NULL,'0','0','0','0.0','0','0');
INSERT IGNORE INTO `creature_movement` VALUES ('90484','146','-8820.07','951.755','100.82','0',NULL,NULL,NULL,NULL,NULL,NULL,'0','0','0','0.0','0','0');
INSERT IGNORE INTO `creature_movement` VALUES ('90484','147','-8816.2','951.996','100.859','0',NULL,NULL,NULL,NULL,NULL,NULL,'0','0','0','0.0','0','0');
INSERT IGNORE INTO `creature_movement` VALUES ('90484','148','-8815.05','952.035','100.919','0',NULL,NULL,NULL,NULL,NULL,NULL,'0','0','0','0.0','0','0');
INSERT IGNORE INTO `creature_movement` VALUES ('90484','149','-8805.04','944.144','101.241','0',NULL,NULL,NULL,NULL,NULL,NULL,'0','0','0','0.0','0','0');
INSERT IGNORE INTO `creature_movement` VALUES ('90484','150','-8801.16','944.528','101.23','0',NULL,NULL,NULL,NULL,NULL,NULL,'0','0','0','0.0','0','0');
INSERT IGNORE INTO `creature_movement` VALUES ('90484','151','-8789.35','953.595','100.625','0',NULL,NULL,NULL,NULL,NULL,NULL,'0','0','0','0.0','0','0');
INSERT IGNORE INTO `creature_movement` VALUES ('90484','152','-8772.84','966.926','100.451','0',NULL,NULL,NULL,NULL,NULL,NULL,'0','0','0','0.0','0','0');
INSERT IGNORE INTO `creature_movement` VALUES ('90484','153','-8765.21','973.437','99.1644','0',NULL,NULL,NULL,NULL,NULL,NULL,'0','0','0','0.0','0','0');
INSERT IGNORE INTO `creature_movement` VALUES ('90484','154','-8757.27','979.708','98.4015','0',NULL,NULL,NULL,NULL,NULL,NULL,'0','0','0','0.0','0','0');
INSERT IGNORE INTO `npc_gossip` (`npc_guid`,`textid`) VALUES ('26835','3059');
INSERT IGNORE INTO `npc_gossip` (`npc_guid`,`textid`) VALUES ('48276','1253');
INSERT IGNORE INTO `npc_gossip` (`npc_guid`,`textid`) VALUES ('52920','1231');
INSERT IGNORE INTO `npc_gossip` (`npc_guid`,`textid`) VALUES ('52925','1231');
INSERT IGNORE INTO `gameobject` VALUES ('3110','1561','0','-8831.35','985.651','98.853','0.949','0.0','0.0','-0.996385','0.084949','120','0','0');
INSERT IGNORE INTO `gameobject` VALUES ('4659','2106','0','-8685.02','880.659','97.0163','3.81599','0.0','0.0','0.944089','-0.329691','120','0','0');
INSERT IGNORE INTO `gameobject` VALUES ('4718','2110','0','-8704.89','865.731','96.3459','0.0','0.0','0.0','0.941176','-0.337917','120','0','0');
INSERT IGNORE INTO `gameobject` VALUES ('4958','2110','0','-8726.26','892.714','100.373','0.0','0.0','0.0','0.941176','-0.337917','120','0','0');
INSERT IGNORE INTO `gameobject` VALUES ('4972','2110','0','-8825.39','957.519','99.1419','0.0','0.0','0.0','0.941176','-0.337917','120','0','0');
INSERT IGNORE INTO `gameobject` VALUES ('5136','2111','0','-8706.68','866.017','97.2','0.0','0.0','0.0','0.904455','0.426568','120','0','0');
INSERT IGNORE INTO `gameobject` VALUES ('5198','2124','0','-8845.37','923.024','101.638','1.96351','0.0','0.0','0.831475','0.555563','120','0','0');
INSERT IGNORE INTO `gameobject` VALUES ('5496','2124','0','-8727.91','892.832','100.376','0.0','0.0','0.0','0.904455','0.426568','120','0','0');
INSERT IGNORE INTO `gameobject` VALUES ('5517','2124','0','-8827.0','957.504','99.847','2.26','0.0','0.0','0.904455','0.426568','120','0','0');
INSERT IGNORE INTO `gameobject` VALUES ('5586','2161','0','-8973.5','827.8','113.0','0.0','0.0','0.0','0.906308','0.422618','120','0','0');
INSERT IGNORE INTO `gameobject` VALUES ('12084','2165','0','-8902.0','975.424','131.756','0.0','0.0','0.0','1.0','0.0','120','0','0');
INSERT IGNORE INTO `gameobject` VALUES ('13390','2177','0','-8704.0','860.712','100.741','2.243','0.0','0.0','0.900698','0.434446','120','0','0');
INSERT IGNORE INTO `gameobject` VALUES ('13391','2413','0','-8845.74','1089.18','95.2111','-1.27409','0.0','0.0','-0.594823','0.803857','120','0','0');
INSERT IGNORE INTO `gameobject` VALUES ('13393','2413','0','-8848.55','1069.37','95.2111','-2.86234','0.0','0.0','0.990268','-0.139174','120','0','0');
INSERT IGNORE INTO `gameobject` VALUES ('13424','2413','0','-8845.2','1079.97','95.2111','-1.27409','0.0','0.0','-0.594823','0.803857','120','0','0');
INSERT IGNORE INTO `gameobject` VALUES ('17419','2413','0','-8843.96','1076.22','95.2111','1.8675','0.0','0.0','0.803857','0.594823','120','0','0');
INSERT IGNORE INTO `gameobject` VALUES ('17420','2413','0','-8844.58','1085.61','95.2111','1.8675','0.0','0.0','0.803857','0.594823','120','0','0');
INSERT IGNORE INTO `gameobject` VALUES ('17421','2413','0','-8846.61','1084.97','95.2111','1.8675','0.0','0.0','0.803857','0.594823','120','0','0');
INSERT IGNORE INTO `gameobject` VALUES ('17422','2413','0','-8846.09','1077.48','95.2111','0.2618','0.0','0.0','0.130526','0.991445','120','0','0');
INSERT IGNORE INTO `gameobject` VALUES ('17423','2413','0','-8939.65','1006.7','122.047','-2.46964','0.0','0.0','0.944089','-0.329691','120','0','0');
INSERT IGNORE INTO `gameobject` VALUES ('17425','2413','0','-8942.29','1006.78','122.047','-0.933752','0.0','0.0','-0.450099','0.892979','120','0','0');
INSERT IGNORE INTO `gameobject` VALUES ('17427','2413','0','-8942.79','1004.3','122.047','0.671952','0.0','0.0','0.329691','0.944089','120','0','0');
INSERT IGNORE INTO `gameobject` VALUES ('30057','2413','0','-8953.95','1010.44','122.038','-2.4871','0.0','0.0','0.94693','-0.321439','120','0','0');
INSERT IGNORE INTO `gameobject` VALUES ('30186','2413','0','-8956.34','1010.81','122.038','-0.951203','0.0','0.0','-0.457873','0.889017','120','0','0');
INSERT IGNORE INTO `gameobject` VALUES ('30535','2413','0','-8954.27','1008.3','122.038','2.19039','0.0','0.0','0.889017','0.457873','120','0','0');
INSERT IGNORE INTO `gameobject` VALUES ('30691','2413','0','-8956.6','1008.58','122.038','0.6545','0.0','0.0','0.32144','0.94693','120','0','0');
INSERT IGNORE INTO `gameobject` VALUES ('30706','2413','0','-8857.44','1072.93','102.466','1.81514','0.0','0.0','0.788011','0.615662','120','0','0');
INSERT IGNORE INTO `gameobject` VALUES ('30708','2413','0','-8851.57','1068.64','95.2111','0.279253','0.0','0.0','0.139173','0.990268','120','0','0');
INSERT IGNORE INTO `gameobject` VALUES ('30709','2413','0','-8860.2','1067.42','102.466','-1.32645','0.0','0.0','-0.615661','0.788011','120','0','0');
INSERT IGNORE INTO `gameobject` VALUES ('30711','2413','0','-8861.17','1065.46','102.466','0.279253','0.0','0.0','0.139173','0.990268','120','0','0');
INSERT IGNORE INTO `gameobject` VALUES ('30755','2413','0','-8859.38','1074.27','102.466','0.279253','0.0','0.0','0.139173','0.990268','120','0','0');
INSERT IGNORE INTO `gameobject` VALUES ('30794','2413','0','-8858.27','1066.15','102.466','-2.86234','0.0','0.0','0.990268','-0.139174','120','0','0');
INSERT IGNORE INTO `gameobject` VALUES ('30795','2413','0','-8938.35','1005.09','122.047','-2.46964','0.0','0.0','0.944089','-0.329691','120','0','0');
INSERT IGNORE INTO `gameobject` VALUES ('30932','2413','0','-8941.54','1002.57','122.047','0.671952','0.0','0.0','0.329691','0.944089','120','0','0');
INSERT IGNORE INTO `gameobject` VALUES ('35451','2413','0','-8939.07','1002.53','122.047','2.19039','0.0','0.0','0.889017','0.457873','120','0','0');
INSERT IGNORE INTO `gameobject` VALUES ('42793','2413','0','-8716.9','1049.97','96.0077','2.33001','0.0','0.0','0.918791','0.394743','120','0','0');
INSERT IGNORE INTO `gameobject` VALUES ('42794','2413','0','-8719.39','1049.55','96.0077','0.794124','0.0','0.0','0.38671','0.922201','120','0','0');
INSERT IGNORE INTO `gameobject` VALUES ('42795','2413','0','-8704.69','1049.75','95.9989','-0.82903','0.0','0.0','-0.402746','0.915312','120','0','0');
INSERT IGNORE INTO `gameobject` VALUES ('42796','2413','0','-8702.5','1049.67','95.9989','-2.36492','0.0','0.0','0.92554','-0.378649','120','0','0');
INSERT IGNORE INTO `gameobject` VALUES ('42797','2413','0','-8702.46','1047.57','95.9989','2.31256','0.0','0.0','0.915312','0.402746','120','0','0');
INSERT IGNORE INTO `gameobject` VALUES ('42798','2413','0','-8704.62','1047.45','95.9989','0.776672','0.0','0.0','0.378649','0.925541','120','0','0');
INSERT IGNORE INTO `gameobject` VALUES ('42799','2413','0','-8843.11','1080.57','95.2111','-1.27409','0.0','0.0','-0.594823','0.803857','120','0','0');
INSERT IGNORE INTO `gameobject` VALUES ('42800','2413','0','-8720.9','1051.01','96.0077','0.794124','0.0','0.0','0.38671','0.922201','120','0','0');
INSERT IGNORE INTO `gameobject` VALUES ('42801','2413','0','-8720.49','1053.53','96.0077','-0.82903','0.0','0.0','-0.402746','0.915312','120','0','0');
INSERT IGNORE INTO `gameobject` VALUES ('42802','2413','0','-8718.16','1053.77','96.0077','-2.34747','0.0','0.0','0.922201','-0.386711','120','0','0');
INSERT IGNORE INTO `gameobject` VALUES ('42803','2413','0','-8716.78','1052.48','96.0077','-2.34747','0.0','0.0','0.922201','-0.386711','120','0','0');
INSERT IGNORE INTO `gameobject` VALUES ('42804','2413','0','-8843.8','1087.69','95.2111','-2.89725','0.0','0.0','0.992546','-0.121869','120','0','0');
INSERT IGNORE INTO `gameobject` VALUES ('42805','2413','0','-8841.89','1076.86','95.2111','1.8675','0.0','0.0','0.803857','0.594823','120','0','0');
INSERT IGNORE INTO `gameobject` VALUES ('42806','2413','0','-8841.14','1078.94','95.2111','-2.89725','0.0','0.0','0.992546','-0.121869','120','0','0');
INSERT IGNORE INTO `gameobject` VALUES ('42807','2413','0','-8859.68','821.753','98.354','-2.46964','0.0','0.0','0.944089','-0.329691','120','0','0');
INSERT IGNORE INTO `gameobject` VALUES ('42808','2413','0','-8861.97','819.848','98.354','0.671952','0.0','0.0','0.329691','0.944089','120','0','0');
INSERT IGNORE INTO `gameobject` VALUES ('42809','2413','0','-8857.95','865.658','99.6507','-2.47837','0.0','0.0','0.945518','-0.325568','120','0','0');
INSERT IGNORE INTO `gameobject` VALUES ('42810','2413','0','-8858.18','856.268','99.6084','-1.68424','0.0','0.0','-0.746058','0.665881','120','0','0');
INSERT IGNORE INTO `gameobject` VALUES ('42811','2413','0','-8861.44','854.283','99.6084','-0.113445','0.0','0.0','-0.056692','0.998392','120','0','0');
INSERT IGNORE INTO `gameobject` VALUES ('42812','2413','0','-8858.79','851.646','99.6084','1.57952','0.0','0.0','0.710185','0.704015','120','0','0');
INSERT IGNORE INTO `gameobject` VALUES ('42813','2413','0','-9076.53','836.782','108.423','0.349067','0.0','0.0','0.173649','0.984808','120','0','0');
INSERT IGNORE INTO `gameobject` VALUES ('42814','2413','0','-9070.64','831.409','108.423','-1.18682','0.0','0.0','-0.559192','0.829038','120','0','0');
INSERT IGNORE INTO `gameobject` VALUES ('42815','2413','0','-9075.87','839.091','108.423','-1.18682','0.0','0.0','-0.559192','0.829038','120','0','0');
INSERT IGNORE INTO `gameobject` VALUES ('42816','2413','0','-9084.21','822.609','115.678','1.90241','0.0','0.0','0.814115','0.580703','120','0','0');
INSERT IGNORE INTO `gameobject` VALUES ('42817','2413','0','-9087.25','814.73','115.678','0.366519','0.0','0.0','0.182236','0.983255','120','0','0');
INSERT IGNORE INTO `gameobject` VALUES ('42818','2413','0','-9076.9','820.727','108.423','-1.23918','0.0','0.0','-0.580703','0.814115','120','0','0');
INSERT IGNORE INTO `gameobject` VALUES ('42819','2413','0','-9077.67','818.802','108.423','0.366519','0.0','0.0','0.182236','0.983255','120','0','0');
INSERT IGNORE INTO `gameobject` VALUES ('42820','2413','0','-9086.42','816.854','115.678','-1.23918','0.0','0.0','-0.580703','0.814115','120','0','0');
INSERT IGNORE INTO `gameobject` VALUES ('42821','2413','0','-9093.92','835.672','115.678','1.90241','0.0','0.0','0.814115','0.580703','120','0','0');
INSERT IGNORE INTO `gameobject` VALUES ('42822','2413','0','-9085.34','825.551','115.678','-1.23918','0.0','0.0','-0.580703','0.814115','120','0','0');
INSERT IGNORE INTO `gameobject` VALUES ('42823','2413','0','-9088.41','832.583','115.678','-1.23918','0.0','0.0','-0.580703','0.814115','120','0','0');
INSERT IGNORE INTO `gameobject` VALUES ('42824','2413','0','-9073.92','839.838','108.423','-1.18682','0.0','0.0','-0.559192','0.829038','120','0','0');
INSERT IGNORE INTO `gameobject` VALUES ('42825','2413','0','-9082.61','829.7','108.423','0.383972','0.0','0.0','0.190809','0.981627','120','0','0');
INSERT IGNORE INTO `gameobject` VALUES ('42826','2413','0','-9084.33','815.84','115.678','-2.77507','0.0','0.0','0.983255','-0.182235','120','0','0');
INSERT IGNORE INTO `gameobject` VALUES ('42827','2413','0','-9087.19','829.712','115.678','1.90241','0.0','0.0','0.814115','0.580703','120','0','0');
INSERT IGNORE INTO `gameobject` VALUES ('42828','2413','0','-9072.42','836.41','108.423','1.95477','0.0','0.0','0.829038','0.559193','120','0','0');
INSERT IGNORE INTO `gameobject` VALUES ('42829','2413','0','-9074.4','835.579','108.423','1.95477','0.0','0.0','0.829038','0.559193','120','0','0');
INSERT IGNORE INTO `gameobject` VALUES ('42830','2413','0','-9072.51','830.595','108.423','-1.18682','0.0','0.0','-0.559192','0.829038','120','0','0');
INSERT IGNORE INTO `gameobject` VALUES ('42831','2413','0','-9071.92','838.498','108.423','-2.80998','0.0','0.0','0.986286','-0.165047','120','0','0');
INSERT IGNORE INTO `gameobject` VALUES ('42832','2413','0','-9078.49','829.071','108.423','-2.75762','0.0','0.0','0.981627','-0.190809','120','0','0');
INSERT IGNORE INTO `gameobject` VALUES ('42833','2413','0','-9086.18','823.716','115.678','0.36652','0.0','0.0','0.182236','0.983255','120','0','0');
INSERT IGNORE INTO `gameobject` VALUES ('42834','2413','0','-9073.26','828.164','108.423','0.349067','0.0','0.0','0.173649','0.984808','120','0','0');
INSERT IGNORE INTO `gameobject` VALUES ('42835','2413','0','-9079.09','831.018','108.423','-2.75762','0.0','0.0','0.981627','-0.190809','120','0','0');
INSERT IGNORE INTO `gameobject` VALUES ('42836','2413','0','-9031.5','853.676','107.114','-1.213','0.0','0.0','-0.569997','0.821647','120','0','0');
INSERT IGNORE INTO `gameobject` VALUES ('42837','2413','0','-9030.18','850.778','107.114','1.92859','0.0','0.0','0.821647','0.569997','120','0','0');
INSERT IGNORE INTO `gameobject` VALUES ('42838','2413','0','-9028.44','846.872','107.114','-1.02102','0.0','0.0','-0.488621','0.872496','120','0','0');
INSERT IGNORE INTO `gameobject` VALUES ('42839','2413','0','-9026.85','843.907','107.114','2.12057','0.0','0.0','0.872496','0.488622','120','0','0');
INSERT IGNORE INTO `gameobject` VALUES ('42840','2413','0','-9034.79','837.918','107.114','2.14676','0.0','0.0','0.878817','0.477159','120','0','0');
INSERT IGNORE INTO `gameobject` VALUES ('42841','2413','0','-9036.78','840.762','107.114','-0.994837','0.0','0.0','-0.477159','0.878817','120','0','0');
INSERT IGNORE INTO `gameobject` VALUES ('42842','2413','0','-9074.96','819.786','108.423','-2.77507','0.0','0.0','0.983255','-0.182235','120','0','0');
INSERT IGNORE INTO `gameobject` VALUES ('42843','2413','0','-9069.08','827.884','108.423','1.95477','0.0','0.0','0.829038','0.559193','120','0','0');
INSERT IGNORE INTO `gameobject` VALUES ('42844','2413','0','-9068.53','830.029','108.423','-2.80998','0.0','0.0','0.986286','-0.165047','120','0','0');
INSERT IGNORE INTO `gameobject` VALUES ('42845','2413','0','-9071.09','826.996','108.423','1.95477','0.0','0.0','0.829038','0.559193','120','0','0');
INSERT IGNORE INTO `gameobject` VALUES ('42846','2413','0','-9081.79','827.786','108.423','0.383972','0.0','0.0','0.190809','0.981627','120','0','0');
INSERT IGNORE INTO `gameobject` VALUES ('42847','2413','0','-9081.58','832.045','108.423','-1.23918','0.0','0.0','-0.580703','0.814115','120','0','0');
INSERT IGNORE INTO `gameobject` VALUES ('42848','2413','0','-9093.04','837.804','115.678','-2.77507','0.0','0.0','0.983255','-0.182236','120','0','0');
INSERT IGNORE INTO `gameobject` VALUES ('42849','2413','0','-9089.19','830.856','115.678','0.36652','0.0','0.0','0.182236','0.983255','120','0','0');
INSERT IGNORE INTO `gameobject` VALUES ('42850','2413','0','-9096.14','836.811','115.678','0.36652','0.0','0.0','0.182236','0.983255','120','0','0');
INSERT IGNORE INTO `gameobject` VALUES ('42851','2413','0','-9079.69','826.848','108.423','1.02102','0.0','0.0','0.488621','0.872496','120','0','0');
INSERT IGNORE INTO `gameobject` VALUES ('42852','2413','0','-8858.19','863.523','99.6415','2.23402','0.0','0.0','0.898794','0.438372','120','0','0');
INSERT IGNORE INTO `gameobject` VALUES ('42853','3662','0','-8666.0','948.621','104.315','0.055','0.0','0.0','-0.358368','0.93358','120','0','0');
INSERT IGNORE INTO `gameobject` VALUES ('42854','3662','0','-8665.0','946.653','102.944','0.055','0.0','0.0','-0.358368','0.93358','120','0','0');
INSERT IGNORE INTO `gameobject` VALUES ('42855','3662','0','-8712.0','1004.73','96.817','1.363','0.0','0.0','0.630085','0.776526','120','0','0');
INSERT IGNORE INTO `gameobject` VALUES ('42856','3705','0','-8700.0','1052.82','95.986','-3.0','0.0','0.0','-0.999391','0.0349','120','100','0');
INSERT IGNORE INTO `gameobject` VALUES ('42857','3705','0','-8840.0','819.683','98.771','0.628','0.0','0.0','0.309017','0.951056','120','100','0');
INSERT IGNORE INTO `gameobject` VALUES ('42858','3705','0','-9037.0','877.856','110.196','-1.0','0.0','0.0','-0.469471','0.882948','120','100','0');
INSERT IGNORE INTO `gameobject` VALUES ('42859','23296','0','-8980.3','823.3','113.0','2.286','0.0','0.0','0.858475','0.512855','120','0','0');
INSERT IGNORE INTO `gameobject` VALUES ('42860','23299','0','-8808.16','938.759','101.241','5.41661','0.0','0.0','-0.438371','0.898794','120','0','0');
INSERT IGNORE INTO `gameobject` VALUES ('42861','23299','0','-8898.0','909.436','110.7','-1.0','0.0','0.0','-0.515038','0.857167','120','0','0');
INSERT IGNORE INTO `gameobject` VALUES ('42862','23299','0','-8707.0','909.093','102.03','0.681','0.0','0.0','0.333807','0.942642','120','0','0');
INSERT IGNORE INTO `gameobject` VALUES ('42863','24388','0','-8939.37','963.451','117.423','-0.689405','0.0','0.0','-0.337917','0.941176','120','0','0');
INSERT IGNORE INTO `gameobject` VALUES ('42864','24388','0','-8934.69','955.004','117.235','1.27409','0.0','0.0','0.594823','0.803857','120','0','0');
INSERT IGNORE INTO `gameobject` VALUES ('42865','24388','0','-8939.01','958.188','117.188','0.462513','0.0','0.0','0.229201','0.973379','120','0','0');
INSERT IGNORE INTO `gameobject` VALUES ('42866','24715','0','-8825.26','958.985','98.9105','0.0','0.0','0.0','-0.426569','0.904455','120','0','0');
INSERT IGNORE INTO `gameobject` VALUES ('42867','24715','0','-8727.75','894.541','101.0','0.0','0.0','0.0','0.337917','0.941176','120','0','0');
INSERT IGNORE INTO `gameobject` VALUES ('42868','24715','0','-8706.5','867.59','96.763','0.0','0.0','0.0','0.337917','0.941176','120','0','0');
INSERT IGNORE INTO `gameobject` VALUES ('42869','25338','0','-8688.0','885.325','103.556','2.243','0.0','0.0','0.900698','0.434446','120','0','0');
INSERT IGNORE INTO `gameobject` VALUES ('42870','25339','0','-8667.0','880.121','109.421','2.243','0.0','0.0','0.900698','0.434446','120','0','0');
INSERT IGNORE INTO `gameobject` VALUES ('42871','25339','0','-8688.0','863.742','109.421','2.243','0.0','0.0','0.900698','0.434446','120','0','0');
INSERT IGNORE INTO `gameobject` VALUES ('42872','25341','0','-8704.0','926.338','113.227','-1.0','0.0','0.0','-0.434445','0.900698','120','0','0');
INSERT IGNORE INTO `gameobject` VALUES ('42873','25341','0','-8791.0','935.929','112.986','-2.0','0.0','0.0','0.944089','-0.329691','120','0','0');
INSERT IGNORE INTO `gameobject` VALUES ('42874','25341','0','-8807.0','956.344','112.986','-2.0','0.0','0.0','0.944089','-0.329691','120','0','0');
INSERT IGNORE INTO `gameobject` VALUES ('42875','25342','0','-8704.0','904.836','108.535','-1.0','0.0','0.0','-0.434445','0.900698','120','0','0');
INSERT IGNORE INTO `gameobject` VALUES ('42876','25342','0','-8812.0','935.573','108.294','-2.0','0.0','0.0','0.944089','-0.329691','120','0','0');
INSERT IGNORE INTO `gameobject` VALUES ('42877','25348','0','-8864.0','943.259','114.328','0.506','0.0','0.0','0.25038','0.968148','120','0','0');
INSERT IGNORE INTO `gameobject` VALUES ('42878','25348','0','-8851.0','920.186','114.328','0.506','0.0','0.0','0.25038','0.968148','120','0','0');
INSERT IGNORE INTO `gameobject` VALUES ('42879','28035','0','-8706.7','866.008','96.167','0.0','0.0','0.0','0.904455','0.426568','120','0','0');
INSERT IGNORE INTO `gameobject` VALUES ('42880','31408','0','-8980.0','1032.2','100.544','5.219','0.0','0.0','0.0','0.0','120','0','0');
INSERT IGNORE INTO `gameobject` VALUES ('42881','92015','0','-9033.37','1083.07','55.5491','5.41061','0.0','0.0','0.944993','-0.327091','25','0','0');
INSERT IGNORE INTO `gameobject` VALUES ('42882','103574','0','-9058.82','828.238','109.197','1.85271','0.0','0.0','0.799435','0.600752','120','0','0');
INSERT IGNORE INTO `gameobject` VALUES ('42883','103574','0','-9089.57','815.786','115.667','5.20242','0.0','0.0','0.514463','-0.857513','120','0','0');
INSERT IGNORE INTO `gameobject` VALUES ('42884','103574','0','-9069.59','846.733','108.42','1.57781','0.0','0.0','0.709582','0.704623','120','0','0');
INSERT IGNORE INTO `gameobject` VALUES ('42885','103574','0','-9081.53','841.942','108.422','0.37615','0.0','0.0','0.186968','0.982366','120','0','0');
INSERT IGNORE INTO `gameobject` VALUES ('42886','103574','0','-9099.28','845.052','105.118','0.309391','0.0','0.0','0.154079','0.988059','120','0','0');
INSERT IGNORE INTO `gameobject` VALUES ('42887','103574','0','-9090.59','832.705','108.427','5.01392','0.0','0.0','0.592881','-0.80529','120','0','0');
INSERT IGNORE INTO `gameobject` VALUES ('42888','103574','0','-9060.62','825.557','108.419','0.207267','0.0','0.0','0.103448','0.994635','120','0','0');
INSERT IGNORE INTO `gameobject` VALUES ('42889','103680','0','-9072.71','833.487','108.418','0.36439','0.0','0.0','0.181189','0.983448','60','0','0');
INSERT IGNORE INTO `gameobject` VALUES ('42890','103811','0','-8998.0','874.961','148.72','0.340339','0.0','0.0','0.169349','0.985556','120','0','0');
INSERT IGNORE INTO `gameobject` VALUES ('42891','103811','0','-8996.6','871.905','148.72','3.14159','0.0','0.0','1.0','0.0','120','0','0');
INSERT IGNORE INTO `gameobject` VALUES ('42892','103811','0','-9015.59','862.672','148.72','0.794126','0.0','0.0','0.386711','0.922201','120','0','0');
INSERT IGNORE INTO `gameobject` VALUES ('42893','103811','0','-9006.84','882.802','148.72','-0.061087','0.0','0.0','-0.030539','0.999534','120','0','0');
INSERT IGNORE INTO `gameobject` VALUES ('42894','103811','0','-8999.93','877.17','29.7392','0.671952','0.0','0.0','0.329691','0.944089','120','0','0');
INSERT IGNORE INTO `gameobject` VALUES ('42895','103811','0','-9006.42','859.194','29.7392','-2.46964','0.0','0.0','0.944089','-0.329691','120','0','0');
INSERT IGNORE INTO `gameobject` VALUES ('42896','103811','0','-9004.77','860.183','148.72','1.90241','0.0','0.0','0.814115','0.580703','120','0','0');
INSERT IGNORE INTO `gameobject` VALUES ('42897','105174','0','-8986.0','863.658','30.635','4.752','0.0','0.0','0.692892','-0.721041','120','0','0');
INSERT IGNORE INTO `gameobject` VALUES ('42898','105175','0','-8986.0','863.658','30.635','3.428','0.0','0.0','0.989775','-0.142637','120','0','0');
INSERT IGNORE INTO `gameobject` VALUES ('42899','140911','0','-8695.25','840.727','99.7325','3.142','0.0','0.0','0.0','0.0','120','0','0');
INSERT IGNORE INTO `gameobject` VALUES ('42900','142075','0','-8797.0','1083.48','90.208','-1.0','0.0','0.0','-0.410719','0.911762','120','0','0');
INSERT IGNORE INTO `gameobject` VALUES ('42901','175727','0','-8832.0','1088.1','97.004','3.037','0.0','0.0','0.99863','0.052336','120','0','0');
INSERT IGNORE INTO `gameobject` VALUES ('42902','175729','0','-8861.0','821.677','99.456','0.977','0.0','0.0','0.469472','0.882948','120','0','0');
INSERT IGNORE INTO `gameobject` VALUES ('42903','175730','0','-8729.0','1107.63','94.33','-1.0','0.0','0.0','0.366501','-0.930418','120','0','0');
INSERT IGNORE INTO `gameobject` VALUES ('42904','175758','0','-8860.0','820.548','99.463','0.07','0.0','0.0','0.034899','0.999391','120','0','0');
INSERT IGNORE INTO `gameobject` VALUES ('42905','176573','0','-8760.0','1117.5','110.842','2.478','0.0','0.0','0.945519','0.325568','120','0','0');
INSERT IGNORE INTO `gameobject` VALUES ('42906','176573','0','-8999.0','852.309','105.596','0.873','0.0','0.0','0.422618','0.906308','120','0','0');
INSERT IGNORE INTO `gameobject` VALUES ('42907','177272','0','-8753.33','1106.74','92.2191','5.7876','0.0','0.0','0.245266','-0.969456','120','0','0');
INSERT IGNORE INTO `gameobject` VALUES ('42908','177272','0','-8760.01','1106.03','92.7206','3.34736','0.0','0.0','0.994712','-0.102705','120','0','0');
INSERT IGNORE INTO `gameobject` VALUES ('42909','177272','0','-8759.24','1111.3','92.6899','2.2321','0.0','0.0','0.898373','0.439233','120','0','0');
INSERT IGNORE INTO `gameobject` VALUES ('42910','177272','0','-8755.33','1103.32','92.2695','5.13337','0.0','0.0','0.543759','-0.839242','120','0','0');
INSERT IGNORE INTO `gameobject` VALUES ('42911','2163','0','-8957.49','888.772','108.748','-2.53073','0.0','0.0','0.953717','-0.300706','180','100','0');
INSERT IGNORE INTO `gameobject` VALUES ('42912','23296','0','-8973.36','827.535','106.426','2.28638','0.0','0.0','0.909961','0.414693','180','100','0');
INSERT IGNORE INTO `gameobject` VALUES ('42913','144129','0','-9035.41','844.067','106.96','0.436333','0.0','0.0','0.21644','0.976296','180','100','0');
INSERT IGNORE INTO `gameobject` VALUES ('42914','105174','0','-8987.37','862.753','30.6276','-2.56563','0.0','0.0','0.95882','-0.284015','180','100','0');
INSERT IGNORE INTO `gameobject` VALUES ('42915','105175','0','-8984.55','861.033','30.6693','2.72271','0.0','0.0','0.978148','0.207912','180','100','0');
INSERT IGNORE INTO `gameobject` VALUES ('42916','105174','0','-8986.73','862.93','30.6484','-2.63545','0.0','0.0','0.968148','-0.25038','180','100','0');
INSERT IGNORE INTO `gameobject` VALUES ('42917','105175','0','-8985.31','860.86','30.704','2.67035','0.0','0.0','0.97237','0.233445','180','100','0');
INSERT IGNORE INTO `gameobject` VALUES ('42918','105174','0','-8987.15','861.843','30.6623','-1.09956','0.0','0.0','0.522499','-0.85264','180','100','0');
INSERT IGNORE INTO `gameobject` VALUES ('42919','105175','0','-8985.57','860.344','30.7109','3.08923','0.0','0.0','0.999657','0.026177','180','100','0');
INSERT IGNORE INTO `gameobject` VALUES ('42920','2167','0','-9005.54','948.967','118.524','2.61799','0.0','0.0','0.965926','0.258819','180','100','0');
INSERT IGNORE INTO `gameobject` VALUES ('42921','2162','0','-8882.87','813.153','93.5343','2.97579','0.0','0.0','0.996565','0.082808','180','100','0');
INSERT IGNORE INTO `gameobject` VALUES ('42922','2164','0','-8943.47','981.937','123.953','-0.942478','0.0','0.0','-0.453991','0.891007','180','100','0');
INSERT IGNORE INTO `gameobject` VALUES ('42923','10220','0','-8860.45','863.904','99.6391','0.663226','0.0','0.0','0.325568','0.945518','180','100','0');
INSERT IGNORE INTO `gameobject` VALUES ('42924','176573','0','-8812.0','808.697','126.444','1.16937','0.0','0.0','0.551937','0.833886','180','100','0');
INSERT IGNORE INTO `gameobject` VALUES ('42925','105174','0','-8987.37','862.753','30.6276','-2.56563','0.0','0.0','0.95882','-0.284015','180','100','0');
INSERT IGNORE INTO `gameobject` VALUES ('42926','105174','0','-8986.73','862.93','30.6484','-2.63545','0.0','0.0','0.968148','-0.25038','180','100','0');
INSERT IGNORE INTO `gameobject` VALUES ('42927','105175','0','-8984.55','861.033','30.6693','2.72271','0.0','0.0','0.978148','0.207912','180','100','0');
INSERT IGNORE INTO `gameobject` VALUES ('42928','105175','0','-8985.31','860.86','30.704','2.67035','0.0','0.0','0.97237','0.233445','180','100','0');
INSERT IGNORE INTO `gameobject` VALUES ('42929','105175','0','-8985.57','860.344','30.7109','3.08923','0.0','0.0','0.999657','0.026177','180','100','0');
INSERT IGNORE INTO `gameobject` VALUES ('42930','105174','0','-8987.15','861.843','30.6623','-1.09956','0.0','0.0','0.522499','-0.85264','180','100','0');
INSERT IGNORE INTO `gameobject` VALUES ('42931','3705','0','-8841.06','822.494','98.8119','0.628319','0.0','0.0','0.309017','0.951057','180','100','0');
INSERT IGNORE INTO `gameobject` VALUES ('42932','105174','0','-8986.73','862.93','30.6484','-2.63545','0.0','0.0','0.968148','-0.25038','180','100','0');
INSERT IGNORE INTO `gameobject` VALUES ('42933','105174','0','-8987.37','862.753','30.6276','-2.56563','0.0','0.0','0.95882','-0.284015','180','100','0');
INSERT IGNORE INTO `gameobject` VALUES ('42934','2141','0','-8728.06','892.761','101.164','2.2602','0.0','0.0','0.904455','0.426568','180','100','0');
INSERT IGNORE INTO `gameobject` VALUES ('42935','140911','0','-8692.42','844.004','98.6852','2.28638','0.0','0.0','0.909961','0.414693','180','100','0');
INSERT IGNORE INTO `gameobject` VALUES ('42936','23301','0','-8808.0','938.99','101.841','-0.90757','0.0','0.0','-0.438371','0.898794','180','100','0');
INSERT IGNORE INTO `gameobject` VALUES ('42937','176573','0','-8812.0','808.697','126.444','1.16937','0.0','0.0','0.551937','0.833886','180','100','0');
INSERT IGNORE INTO `gameobject` VALUES ('42938','3705','0','-8782.52','926.32','100.376','-2.53073','0.0','0.0','0.953717','-0.300706','180','100','0');
INSERT IGNORE INTO `gameobject` VALUES ('42939','105175','0','-8984.55','861.033','30.6693','2.72271','0.0','0.0','0.978148','0.207912','180','100','0');
INSERT IGNORE INTO `gameobject` VALUES ('42940','105174','0','-8986.73','862.93','30.6484','-2.63545','0.0','0.0','0.968148','-0.25038','180','100','0');
INSERT IGNORE INTO `gameobject` VALUES ('42941','105174','0','-8987.37','862.753','30.6276','-2.56563','0.0','0.0','0.95882','-0.284015','180','100','0');
INSERT IGNORE INTO `gameobject` VALUES ('42942','105175','0','-8985.31','860.86','30.704','2.67035','0.0','0.0','0.97237','0.233445','180','100','0');
INSERT IGNORE INTO `gameobject` VALUES ('42943','105174','0','-8987.15','861.843','30.6623','-1.09956','0.0','0.0','0.522499','-0.85264','180','100','0');
INSERT IGNORE INTO `gameobject` VALUES ('42944','105175','0','-8985.57','860.344','30.7109','3.08923','0.0','0.0','0.999657','0.026177','180','100','0');
INSERT IGNORE INTO `gameobject` VALUES ('42945','1561','0','-8830.35','985.121','98.8379','-2.82743','0.0','0.0','0.987688','-0.156434','180','100','0');
INSERT IGNORE INTO `gameobject` VALUES ('42946','24760','0','-8882.17','1083.55','92.411','-0.506144','0.0','0.0','-0.250379','0.968148','180','100','0');
INSERT IGNORE INTO `gameobject` VALUES ('42947','105175','0','-8984.55','861.033','30.6693','2.72271','0.0','0.0','0.978148','0.207912','180','100','0');
INSERT IGNORE INTO `gameobject` VALUES ('42948','105175','0','-8985.57','860.344','30.7109','3.08923','0.0','0.0','0.999657','0.026177','180','100','0');
INSERT IGNORE INTO `gameobject` VALUES ('42949','105175','0','-8985.31','860.86','30.704','2.67035','0.0','0.0','0.97237','0.233445','180','100','0');

-- Enable a karazhan quest by adding missing spawns
DELETE FROM `creature` WHERE `id` IN (10902, 10905, 18161, 18162, 10541);
INSERT IGNORE INTO `creature` (`guid`,`id`, `map`, `modelid`, `equipment_id`, `position_x`, `position_y`, `position_z`, `orientation`, `spawntimesecs`, `spawndist`, `currentwaypoint`, `spawn_position_x`, `spawn_position_y`, `spawn_position_z`, `spawn_orientation`, `curhealth`, `curmana`, `DeathState`, `MovementType`) VALUES
-- Andorhal Tower triggers
    (3952, 10902, 0, 0, 0, 1304.87, -1319.96, 64.3088, 0.969882, 60, 0, 0, 1304.87, -1319.96, 64.3088, 0, 64, 0, 0, 0),
    (3953, 10905, 0, 0, 0, 1311.97, -1590.01, 61.8438, 0.178201, 60, 0, 0, 1311.97, -1590.01, 61.8438, 0, 64, 0, 0, 0),
-- Underground Pond/Well
    (3954, 18161, 0, 0, 0, -11370.4, -2163.39, 26.7177, 5.16477, 60, 0, 0, -11370.4, -2163.39, 26.7177, 0, 8, 0, 0, 1),
    (90485, 18162, 0, 0, 0, -11172.9, -1898.83, -17.7893, 5.93761, 60, 0, 0, -11172.9, -1898.83, -17.7893, 0, 6900, 0, 0, 1),
-- Krakle's Thermometer
    (90486, 10541, 1, 0, 0, -7091.82, -1304.58, -178.048, 3.92287, 60, 0, 0, -7091.82, -1304.58, -178.048, 0, 8, 0, 0, 0);

DELETE FROM `db_version`;
INSERT IGNORE INTO `db_version` VALUES ('UDB 0.9.1 (336) with SD2 calls rev.233');
-- END
